会員ID,氏名,生年月日,性別,電話番号,住所
M000001,佐々木 隆,1922-03-03,男性,090-3961-3888,神奈川県横浜市青葉区美しが丘3丁目14-18
M000002,井上 恵,1925-03-03,女性,090-2212-6058,神奈川県横浜市青葉区たまプラーザ1丁目11-10
M000003,渡辺 遥,1974-12-09,女性,090-6124-8185,千葉県市川市国府台5丁目29-1
M000004,木村 さくら,1958-10-06,女性,090-6161-2924,東京都世田谷区上北沢3丁目13-15
M000005,吉田 聡,1975-11-20,男性,090-8202-2110,神奈川県川崎市宮前区宮崎5丁目17-11
M000006,高橋 誠,1992-06-27,男性,090-7028-5294,神奈川県藤沢市湘南台1丁目10-1
M000007,木村 愛,2003-05-16,女性,090-5490-7096,東京都八王子市南大沢2丁目3-6
M000008,高橋 拓也,1987-08-12,男性,090-1916-6215,神奈川県藤沢市辻堂5丁目28-10
M000009,小林 遥,1998-07-20,女性,090-2968-3894,神奈川県川崎市宮前区鷺沼1丁目21-18
M000010,佐藤 杏,1985-08-19,女性,090-3169-5182,埼玉県さいたま市浦和区常盤4丁目2-4
M000011,井上 直樹,1995-06-27,男性,090-7872-4542,神奈川県藤沢市辻堂4丁目8-17
M000012,山田 直樹,1988-10-14,男性,090-2419-2953,神奈川県川崎市宮前区宮崎2丁目15-15
M000013,吉田 恵,1952-01-26,女性,090-7509-5929,千葉県市川市八幡5丁目13-4
M000014,松本 直樹,1993-07-14,男性,090-6704-9328,東京都大田区蒲田1丁目27-13
M000015,佐藤 さくら,1969-06-22,女性,090-4233-7144,埼玉県さいたま市浦和区岸町1丁目4-5
M000016,井上 彩,1991-10-12,女性,090-1950-3746,埼玉県川口市並木5丁目4-5
M000017,井上 拓也,1989-04-25,男性,090-1725-8017,埼玉県さいたま市浦和区北浦和4丁目9-3
M000018,伊藤 大輔,1977-11-08,男性,090-7608-4678,東京都杉並区高円寺3丁目16-12
M000019,吉田 麻衣,1991-05-07,女性,090-9918-3569,東京都八王子市めじろ台5丁目15-3
M000020,伊藤 杏,1972-03-09,女性,090-7167-2650,埼玉県川口市並木4丁目26-2
M000021,鈴木 直樹,2000-11-28,男性,090-9802-7285,千葉県市川市八幡2丁目16-16
M000022,渡辺 直樹,1988-12-07,男性,090-3891-6304,東京都杉並区高円寺3丁目1-2
M000023,井上 愛,1961-01-18,女性,090-7562-3167,神奈川県川崎市宮前区有馬3丁目26-2
M000024,木村 大輔,1959-09-14,男性,090-1598-7008,東京都杉並区高円寺4丁目18-8
M000025,渡辺 直樹,1966-12-16,男性,090-5428-6290,神奈川県川崎市宮前区有馬4丁目2-18
M000026,山田 翔太,1992-10-18,男性,090-5970-1138,東京都大田区蒲田3丁目13-4
M000027,加藤 彩,1992-06-28,女性,090-1001-9811,埼玉県川口市芝3丁目8-10
M000028,吉田 陽子,1976-11-18,女性,090-9438-8411,神奈川県川崎市宮前区有馬1丁目8-18
M000029,井上 拓也,1951-01-13,男性,090-4322-9673,千葉県市川市国府台4丁目10-2
M000030,高橋 聡,1994-05-02,男性,090-7272-8696,東京都世田谷区上北沢4丁目21-11
M000031,山田 翔太,1984-08-10,男性,090-5180-9683,東京都世田谷区上北沢4丁目22-3
M000032,鈴木 由美,1983-12-03,女性,090-3604-5390,東京都世田谷区経堂5丁目9-16
M000033,吉田 彩,1984-09-21,女性,090-6096-9499,千葉県市川市行徳2丁目25-19
M000034,山本 由美,1989-12-21,女性,090-3781-9414,千葉県市川市国府台4丁目2-5
M000035,松本 聡,1988-03-08,男性,090-4562-8791,東京都杉並区阿佐谷5丁目29-18
M000036,井上 さくら,1991-12-14,女性,090-7779-3091,神奈川県川崎市宮前区有馬1丁目21-6
M000037,高橋 隆,1970-04-24,男性,090-8425-2544,埼玉県さいたま市浦和区岸町2丁目18-18
M000038,吉田 翔太,1954-01-20,男性,090-5641-2394,埼玉県さいたま市浦和区岸町5丁目6-5
M000039,高橋 陽子,1997-01-09,女性,090-5531-1300,神奈川県横浜市青葉区市ケ尾1丁目11-16
M000040,佐々木 亮,1987-11-07,男性,090-4121-1008,東京都杉並区高円寺2丁目5-6
M000041,山本 杏,1994-02-27,女性,090-1950-5486,神奈川県藤沢市辻堂2丁目29-13
M000042,伊藤 浩二,1995-10-17,男性,090-5548-3842,神奈川県横浜市青葉区美しが丘2丁目27-19
M000043,木村 隆,1976-10-14,男性,090-3900-3311,神奈川県横浜市青葉区たまプラーザ3丁目13-16
M000044,山本 浩二,1990-08-08,男性,090-9163-1861,東京都世田谷区赤堤1丁目8-16
M000045,小林 聡,1998-03-16,男性,090-5839-5715,埼玉県さいたま市浦和区岸町2丁目23-17
M000046,小林 愛,1977-01-27,女性,090-3921-4451,千葉県市川市国府台4丁目11-7
M000047,山田 隆,1960-11-22,男性,090-2458-6985,神奈川県川崎市宮前区鷺沼2丁目1-19
M000048,田中 大輔,1965-11-05,男性,090-3687-3791,東京都世田谷区赤堤3丁目1-5
M000049,山本 彩,1964-10-24,女性,090-9416-6793,神奈川県横浜市青葉区美しが丘1丁目24-5
M000050,佐藤 聡,1969-10-20,男性,090-8965-7171,神奈川県川崎市宮前区有馬4丁目25-3
M000051,中村 遥,1946-01-09,女性,090-8205-6497,千葉県市川市行徳3丁目22-15
M000052,渡辺 美咲,1969-07-10,女性,090-1414-4960,東京都世田谷区経堂2丁目7-10
M000053,佐藤 聡,1978-04-10,男性,090-2544-3100,神奈川県川崎市宮前区宮崎5丁目18-13
M000054,山田 さくら,1962-06-17,女性,090-6042-1524,東京都大田区田園調布4丁目14-1
M000055,鈴木 大輔,1986-09-03,男性,090-4278-4677,千葉県市川市八幡5丁目29-19
M000056,鈴木 麻衣,1957-10-04,女性,090-8384-5806,埼玉県さいたま市浦和区岸町3丁目22-15
M000057,小林 さくら,1948-04-28,女性,090-2072-8152,埼玉県さいたま市浦和区北浦和1丁目14-3
M000058,中村 杏,1947-10-04,女性,090-3890-5382,千葉県船橋市習志野台3丁目4-17
M000059,伊藤 彩,1942-11-21,女性,090-4060-7307,神奈川県横浜市青葉区たまプラーザ4丁目26-6
M000060,佐々木 隆,1968-11-22,男性,090-5711-4972,東京都世田谷区赤堤4丁目24-2
M000061,高橋 さくら,1987-10-04,女性,090-6754-6422,東京都世田谷区上北沢2丁目1-9
M000062,鈴木 隆,1996-11-14,男性,090-9120-8713,東京都杉並区高円寺5丁目22-6
M000063,加藤 美咲,2000-12-25,女性,090-2772-1579,千葉県船橋市本町1丁目2-1
M000064,伊藤 亮,1958-08-22,男性,090-1523-2911,神奈川県横浜市青葉区たまプラーザ5丁目3-14
M000065,佐々木 麻衣,1966-12-27,女性,090-9786-6217,東京都世田谷区赤堤5丁目20-14
M000066,木村 浩二,1975-07-18,男性,090-7478-7694,東京都世田谷区経堂4丁目1-8
M000067,山田 愛,1953-05-28,女性,090-8932-6770,埼玉県川口市並木5丁目19-16
M000068,鈴木 大輔,1956-05-28,男性,090-1086-6345,神奈川県横浜市青葉区たまプラーザ4丁目9-4
M000069,佐々木 杏,1992-11-19,女性,090-8434-4162,千葉県船橋市北習志野2丁目22-6
M000070,渡辺 亮,1973-10-14,男性,090-7374-3973,東京都大田区大森1丁目27-14
M000071,加藤 さくら,1986-09-21,女性,090-3689-5497,千葉県市川市国府台4丁目26-18
M000072,井上 恵,1973-11-20,女性,090-9473-8425,東京都八王子市南大沢1丁目9-5
M000073,田中 直樹,1978-01-21,男性,090-3708-1855,東京都八王子市北野2丁目23-5
M000074,井上 杏,1986-03-26,女性,090-7054-7886,東京都八王子市南大沢4丁目24-9
M000075,中村 さくら,2000-12-27,女性,090-3484-9504,東京都八王子市めじろ台2丁目28-15
M000076,山本 誠,2004-06-11,男性,090-7522-6768,東京都八王子市南大沢2丁目14-2
M000077,木村 杏,1989-06-26,女性,090-4976-9517,東京都世田谷区経堂3丁目26-18
M000078,井上 翔太,1977-03-01,男性,090-7326-5569,東京都杉並区阿佐谷1丁目20-16
M000079,木村 遥,1942-11-27,女性,090-9058-5116,神奈川県川崎市宮前区鷺沼1丁目13-16
M000080,渡辺 彩,1953-12-13,女性,090-4135-2649,東京都世田谷区上北沢5丁目15-18
M000081,小林 遥,1980-03-16,女性,090-7690-9823,埼玉県川口市並木1丁目8-3
M000082,田中 美咲,1974-08-19,女性,090-5284-6169,神奈川県横浜市青葉区たまプラーザ2丁目4-1
M000083,渡辺 拓也,1988-12-18,男性,090-7278-5925,神奈川県藤沢市善行1丁目3-9
M000084,伊藤 麻衣,1974-08-21,女性,090-4557-5182,東京都杉並区阿佐谷3丁目25-18
M000085,渡辺 翔太,1978-11-14,男性,090-3579-7099,埼玉県川口市芝2丁目2-18
M000086,小林 大輔,1969-03-16,男性,090-3910-2378,千葉県市川市八幡4丁目10-11
M000087,佐々木 誠,2006-09-25,男性,090-5894-5631,東京都杉並区荻窪1丁目11-3
M000088,田中 亮,1975-10-10,男性,090-4490-4816,埼玉県川口市芝4丁目17-3
M000089,山本 拓也,1982-12-15,男性,090-2476-9993,千葉県市川市八幡5丁目17-4
M000090,井上 遥,1977-08-24,女性,090-3078-6179,埼玉県さいたま市浦和区常盤4丁目24-17
M000091,加藤 聡,1973-07-25,男性,090-7703-2523,東京都八王子市めじろ台2丁目7-14
M000092,松本 彩,1988-02-18,女性,090-1710-7731,東京都杉並区荻窪4丁目17-6
M000093,中村 陽子,2006-02-25,女性,090-1613-5578,東京都八王子市南大沢5丁目25-7
M000094,吉田 彩,1984-12-06,女性,090-2389-8258,千葉県船橋市北習志野1丁目2-14
M000095,吉田 直樹,1982-10-26,男性,090-6834-2402,千葉県船橋市北習志野5丁目23-19
M000096,木村 大輔,1990-03-15,男性,090-4813-4370,神奈川県川崎市宮前区鷺沼4丁目18-1
M000097,加藤 さくら,1984-02-02,女性,090-4699-5443,東京都世田谷区上北沢3丁目23-17
M000098,加藤 直樹,1997-03-04,男性,090-9865-1345,神奈川県横浜市青葉区市ケ尾5丁目27-10
M000099,吉田 健一,1959-04-05,男性,090-9852-8271,神奈川県横浜市青葉区たまプラーザ1丁目17-13
M000100,佐藤 亮,1971-01-03,男性,090-7658-9636,埼玉県川口市戸塚2丁目28-18
M000101,松本 愛,1956-09-01,女性,090-9774-4290,神奈川県川崎市宮前区鷺沼1丁目27-10
M000102,吉田 健一,2006-07-09,男性,090-1774-5445,千葉県市川市行徳4丁目5-14
M000103,鈴木 陽子,1974-07-13,女性,090-2313-9681,千葉県市川市八幡1丁目25-10
M000104,佐々木 麻衣,1976-10-26,女性,090-4574-2275,東京都大田区蒲田4丁目28-12
M000105,渡辺 健一,1979-08-15,男性,090-7448-6109,神奈川県川崎市宮前区宮崎5丁目29-3
M000106,小林 陽子,1979-10-10,女性,090-7280-5572,東京都大田区蒲田4丁目7-17
M000107,伊藤 美咲,1970-12-26,女性,090-6403-5995,神奈川県藤沢市善行5丁目28-3
M000108,山田 さくら,1996-01-21,女性,090-6717-6223,東京都杉並区阿佐谷3丁目21-11
M000109,佐々木 陽子,1991-12-22,女性,090-8800-3990,神奈川県横浜市青葉区美しが丘1丁目27-2
M000110,山本 陽子,1961-07-08,女性,090-2301-9490,埼玉県川口市芝4丁目26-11
M000111,山本 陽子,1996-09-12,女性,090-4796-9754,千葉県船橋市本町2丁目29-10
M000112,小林 亮,2005-09-06,男性,090-9075-5182,東京都世田谷区赤堤1丁目24-14
M000113,佐々木 聡,1990-03-13,男性,090-8911-9751,神奈川県横浜市青葉区市ケ尾3丁目24-19
M000114,鈴木 誠,1979-12-11,男性,090-7354-7261,東京都杉並区荻窪1丁目8-16
M000115,高橋 彩,1977-12-25,女性,090-7918-3131,埼玉県さいたま市浦和区北浦和5丁目14-1
M000116,佐々木 愛,1968-01-19,女性,090-3297-2813,神奈川県川崎市宮前区鷺沼1丁目14-6
M000117,小林 翔太,1999-08-21,男性,090-5962-3965,埼玉県川口市並木5丁目28-4
M000118,吉田 拓也,2006-05-22,男性,090-6839-9248,千葉県市川市国府台4丁目22-2
M000119,松本 健一,1972-08-18,男性,090-9382-1316,東京都八王子市北野5丁目25-19
M000120,加藤 聡,1964-02-13,男性,090-9814-1171,神奈川県横浜市青葉区市ケ尾4丁目3-19
M000121,山田 彩,1960-04-17,女性,090-7519-1945,東京都大田区蒲田5丁目26-10
M000122,松本 大輔,1974-12-01,男性,090-2646-9990,埼玉県川口市戸塚3丁目5-2
M000123,田中 大輔,1978-07-16,男性,090-7009-8445,東京都八王子市南大沢1丁目26-15
M000124,木村 由美,1993-03-02,女性,090-8225-7442,東京都世田谷区経堂3丁目12-6
M000125,田中 さくら,1979-05-02,女性,090-4428-4806,東京都杉並区高円寺3丁目10-18
M000126,井上 陽子,2001-06-15,女性,090-6922-8714,千葉県市川市八幡1丁目4-1
M000127,松本 健一,2006-04-15,男性,090-5988-7766,神奈川県藤沢市辻堂2丁目17-10
M000128,高橋 彩,1987-11-21,女性,090-3013-3950,埼玉県川口市戸塚3丁目29-18
M000129,鈴木 彩,1974-07-17,女性,090-8289-6264,神奈川県川崎市宮前区鷺沼3丁目8-15
M000130,渡辺 隆,1982-06-12,男性,090-5500-9276,千葉県船橋市習志野台4丁目20-13
M000131,伊藤 浩二,1969-07-08,男性,090-4448-7264,神奈川県横浜市青葉区美しが丘1丁目11-12
M000132,加藤 直樹,1964-02-14,男性,090-9872-8063,東京都杉並区高円寺3丁目18-7
M000133,伊藤 美咲,1976-01-20,女性,090-8964-6601,神奈川県藤沢市辻堂4丁目17-12
M000134,中村 陽子,1988-09-11,女性,090-5708-3936,東京都八王子市北野3丁目12-9
M000135,松本 大輔,1984-07-04,男性,090-2658-6667,千葉県船橋市本町1丁目2-19
M000136,山本 亮,1966-06-19,男性,090-1772-1232,神奈川県横浜市青葉区美しが丘4丁目11-2
M000137,木村 聡,1975-05-20,男性,090-9985-3518,神奈川県川崎市宮前区宮崎5丁目19-12
M000138,木村 麻衣,1989-10-26,女性,090-1922-4898,埼玉県川口市並木4丁目4-2
M000139,井上 遥,1998-08-13,女性,090-7579-7142,東京都世田谷区経堂3丁目26-9
M000140,田中 拓也,1963-09-10,男性,090-6194-5441,埼玉県川口市戸塚4丁目10-7
M000141,佐藤 遥,1968-09-15,女性,090-7094-9747,東京都大田区田園調布1丁目12-15
M000142,佐藤 麻衣,1965-08-01,女性,090-9870-6397,埼玉県川口市芝1丁目12-1
M000143,鈴木 陽子,1987-04-15,女性,090-3598-9774,神奈川県川崎市宮前区鷺沼5丁目19-9
M000144,山本 誠,1991-07-22,男性,090-7823-5791,千葉県市川市国府台5丁目1-9
M000145,山田 由美,2006-08-13,女性,090-4832-7705,千葉県船橋市習志野台4丁目15-15
M000146,小林 大輔,1994-02-27,男性,090-3118-1788,千葉県市川市行徳1丁目10-14
M000147,高橋 彩,1990-11-16,女性,090-8168-3516,神奈川県川崎市宮前区有馬4丁目25-7
M000148,木村 聡,1958-05-09,男性,090-8706-5339,埼玉県さいたま市浦和区岸町5丁目14-8
M000149,田中 亮,1992-06-09,男性,090-5580-2930,埼玉県川口市芝3丁目2-18
M000150,鈴木 拓也,1996-03-28,男性,090-3491-4988,東京都世田谷区赤堤5丁目15-12
M000151,渡辺 麻衣,1968-06-23,女性,090-5555-5088,埼玉県さいたま市浦和区岸町5丁目17-1
M000152,吉田 由美,1965-04-04,女性,090-7588-4871,東京都世田谷区上北沢4丁目19-13
M000153,伊藤 彩,1962-11-11,女性,090-1479-3055,東京都杉並区阿佐谷5丁目15-17
M000154,松本 恵,1996-05-03,女性,090-7092-6833,埼玉県さいたま市浦和区岸町1丁目11-18
M000155,山本 健一,1988-03-28,男性,090-5503-9622,東京都大田区大森4丁目14-1
M000156,中村 恵,1970-01-18,女性,090-6454-1563,東京都世田谷区経堂1丁目12-4
M000157,吉田 陽子,2006-01-28,女性,090-6053-9401,埼玉県さいたま市浦和区岸町3丁目5-9
M000158,山本 誠,1965-01-21,男性,090-3926-8439,千葉県船橋市北習志野1丁目7-11
M000159,松本 愛,1981-03-24,女性,090-1283-6202,埼玉県川口市芝5丁目25-6
M000160,渡辺 直樹,1972-11-06,男性,090-3375-3372,埼玉県川口市戸塚5丁目28-18
M000161,小林 美咲,2006-05-28,女性,090-2026-5565,埼玉県さいたま市浦和区常盤5丁目28-2
M000162,鈴木 恵,1995-04-28,女性,090-2832-6370,埼玉県川口市芝1丁目6-18
M000163,吉田 翔太,1976-04-02,男性,090-5088-2785,東京都八王子市めじろ台5丁目20-10
M000164,山本 杏,1980-01-21,女性,090-8539-2021,神奈川県横浜市青葉区美しが丘1丁目12-13
M000165,吉田 亮,1970-12-26,男性,090-1977-8920,東京都杉並区高円寺2丁目25-12
M000166,山田 健一,1964-06-10,男性,090-7015-1654,千葉県市川市八幡5丁目7-8
M000167,山田 杏,2006-07-05,女性,090-3189-4172,東京都大田区蒲田3丁目8-13
M000168,田中 拓也,1962-01-07,男性,090-8900-8868,千葉県市川市行徳4丁目4-8
M000169,松本 恵,1966-06-16,女性,090-6053-9404,東京都大田区蒲田1丁目12-3
M000170,加藤 陽子,1987-05-22,女性,090-3132-3748,神奈川県藤沢市辻堂1丁目25-14
M000171,高橋 健一,1973-10-19,男性,090-5290-8023,千葉県船橋市習志野台5丁目8-11
M000172,伊藤 健一,1999-02-07,男性,090-1538-5463,神奈川県藤沢市善行2丁目3-18
M000173,佐藤 翔太,1995-03-09,男性,090-6185-2289,東京都大田区大森4丁目20-3
M000174,伊藤 聡,1971-03-03,男性,090-4257-9140,神奈川県横浜市青葉区美しが丘4丁目17-4
M000175,中村 亮,1980-06-16,男性,090-7197-6748,東京都杉並区阿佐谷2丁目4-9
M000176,伊藤 遥,1954-04-19,女性,090-7152-2021,千葉県市川市八幡4丁目1-7
M000177,鈴木 彩,1999-12-08,女性,090-6243-7034,埼玉県さいたま市浦和区北浦和1丁目20-10
M000178,鈴木 誠,1972-04-13,男性,090-6141-7133,東京都杉並区阿佐谷1丁目15-3
M000179,高橋 陽子,2003-08-13,女性,090-1485-2569,神奈川県藤沢市辻堂2丁目17-7
M000180,渡辺 誠,1977-05-23,男性,090-6733-8140,東京都世田谷区赤堤5丁目7-10
M000181,渡辺 隆,1960-05-10,男性,090-6047-8558,東京都八王子市北野4丁目15-11
M000182,井上 彩,1992-02-21,女性,090-9951-5702,千葉県船橋市北習志野3丁目22-11
M000183,佐藤 さくら,1977-03-04,女性,090-3873-4460,埼玉県さいたま市浦和区岸町2丁目12-9
M000184,吉田 麻衣,1968-04-14,女性,090-9974-8058,東京都杉並区荻窪2丁目8-9
M000185,佐藤 陽子,1978-04-21,女性,090-8865-9249,神奈川県川崎市宮前区宮崎5丁目11-2
M000186,小林 浩二,1968-03-04,男性,090-2528-2241,神奈川県川崎市宮前区有馬3丁目29-14
M000187,加藤 大輔,2006-08-16,男性,090-5059-9032,東京都八王子市南大沢5丁目28-3
M000188,渡辺 遥,1982-03-13,女性,090-9771-4393,神奈川県川崎市宮前区宮崎4丁目14-17
M000189,伊藤 彩,1973-12-02,女性,090-7834-9801,神奈川県横浜市青葉区美しが丘2丁目19-6
M000190,高橋 遥,1993-12-16,女性,090-4528-9485,千葉県船橋市本町1丁目24-5
M000191,小林 浩二,1981-06-21,男性,090-1028-8525,東京都杉並区荻窪1丁目22-3
M000192,中村 浩二,1979-09-16,男性,090-7184-6863,神奈川県横浜市青葉区美しが丘1丁目16-17
M000193,伊藤 由美,1944-11-19,女性,090-2929-8184,神奈川県藤沢市辻堂1丁目2-14
M000194,佐藤 さくら,1962-02-14,女性,090-2268-9388,神奈川県川崎市宮前区鷺沼4丁目26-2
M000195,田中 直樹,1984-07-23,男性,090-4934-3080,千葉県市川市八幡5丁目7-10
M000196,中村 誠,1980-02-26,男性,090-5708-4168,千葉県船橋市習志野台2丁目20-3
M000197,鈴木 亮,1987-02-12,男性,090-5306-2629,埼玉県川口市芝4丁目7-3
M000198,鈴木 浩二,1973-08-04,男性,090-9637-7485,千葉県船橋市北習志野3丁目2-5
M000199,田中 美咲,1976-04-13,女性,090-1197-5141,千葉県市川市国府台1丁目13-18
M000200,井上 愛,1965-01-01,女性,090-7023-6506,千葉県市川市国府台3丁目11-13
M000201,佐藤 さくら,1970-03-24,女性,090-8224-1571,東京都世田谷区上北沢5丁目2-17
M000202,伊藤 由美,1954-04-27,女性,090-7444-4001,東京都世田谷区上北沢4丁目2-15
M000203,松本 健一,1995-09-02,男性,090-4088-5207,東京都杉並区阿佐谷2丁目20-12
M000204,小林 遥,2006-03-19,女性,090-4987-8804,神奈川県横浜市青葉区美しが丘3丁目5-4
M000205,山田 拓也,1982-11-06,男性,090-9788-1229,東京都八王子市北野1丁目28-12
M000206,田中 拓也,1967-10-08,男性,090-7099-8056,埼玉県さいたま市浦和区常盤1丁目10-1
M000207,佐々木 大輔,1958-02-22,男性,090-5268-2756,東京都世田谷区経堂3丁目11-19
M000208,山田 愛,1964-10-03,女性,090-8655-4955,東京都大田区蒲田1丁目14-19
M000209,中村 由美,1985-06-22,女性,090-4333-9641,東京都杉並区阿佐谷1丁目1-2
M000210,中村 由美,1993-09-27,女性,090-2321-5646,神奈川県横浜市青葉区市ケ尾4丁目1-19
M000211,井上 彩,1972-01-02,女性,090-7758-5154,千葉県市川市行徳1丁目6-19
M000212,小林 亮,2002-05-10,男性,090-3705-1497,埼玉県さいたま市浦和区岸町4丁目27-10
M000213,佐藤 杏,1985-06-18,女性,090-3792-2407,東京都大田区蒲田4丁目12-1
M000214,小林 健一,2004-12-16,男性,090-4959-5581,東京都大田区蒲田5丁目13-5
M000215,佐藤 愛,1998-06-06,女性,090-4468-1026,東京都杉並区荻窪4丁目28-15
M000216,佐々木 麻衣,1961-01-06,女性,090-3924-6211,東京都杉並区高円寺5丁目7-13
M000217,佐藤 隆,1963-04-24,男性,090-7403-2068,埼玉県さいたま市浦和区岸町4丁目29-1
M000218,松本 麻衣,1962-09-27,女性,090-9584-9229,東京都世田谷区上北沢3丁目17-11
M000219,田中 遥,1952-09-24,女性,090-8750-3146,東京都八王子市北野4丁目17-17
M000220,山田 浩二,1971-01-28,男性,090-8223-2510,埼玉県川口市並木4丁目26-17
M000221,加藤 彩,1968-04-06,女性,090-9376-4923,東京都世田谷区上北沢2丁目22-11
M000222,鈴木 浩二,1995-03-28,男性,090-8189-5543,埼玉県川口市芝1丁目7-2
M000223,佐々木 遥,1977-02-12,女性,090-4166-6047,東京都杉並区荻窪5丁目26-13
M000224,伊藤 大輔,1978-12-24,男性,090-8701-4655,神奈川県横浜市青葉区市ケ尾1丁目5-13
M000225,山田 大輔,2006-12-24,男性,090-1595-4964,埼玉県さいたま市浦和区常盤3丁目27-12
M000226,井上 由美,1942-04-21,女性,090-8449-9587,千葉県市川市行徳5丁目17-11
M000227,木村 大輔,1948-08-23,男性,090-9113-3038,千葉県船橋市本町4丁目17-7
M000228,中村 杏,1993-07-03,女性,090-1790-2124,神奈川県川崎市宮前区鷺沼1丁目9-7
M000229,高橋 さくら,1995-09-15,女性,090-5981-4536,東京都世田谷区上北沢4丁目14-11
M000230,木村 杏,1970-04-11,女性,090-2721-2449,千葉県船橋市本町4丁目4-11
M000231,伊藤 拓也,1963-03-04,男性,090-6439-7905,千葉県船橋市本町5丁目8-10
M000232,佐藤 遥,1965-04-28,女性,090-2385-1957,埼玉県さいたま市浦和区岸町4丁目26-11
M000233,吉田 愛,1984-06-15,女性,090-9501-3611,東京都八王子市南大沢3丁目3-10
M000234,佐々木 遥,1977-03-15,女性,090-7635-3409,千葉県市川市行徳5丁目8-18
M000235,小林 浩二,1978-07-15,男性,090-8032-5613,東京都世田谷区経堂4丁目28-11
M000236,吉田 翔太,1972-02-12,男性,090-9474-1237,神奈川県横浜市青葉区市ケ尾2丁目13-16
M000237,佐々木 誠,2006-12-09,男性,090-8954-7854,東京都世田谷区赤堤1丁目10-17
M000238,伊藤 健一,1970-05-22,男性,090-2044-5039,埼玉県さいたま市浦和区北浦和4丁目12-17
M000239,山田 さくら,1983-11-12,女性,090-2244-1038,埼玉県さいたま市浦和区岸町2丁目27-10
M000240,小林 由美,1983-12-24,女性,090-5141-3364,神奈川県藤沢市善行3丁目14-9
M000241,松本 大輔,1975-08-01,男性,090-8170-1030,埼玉県川口市戸塚3丁目25-1
M000242,鈴木 彩,2001-04-02,女性,090-3188-7852,神奈川県藤沢市辻堂4丁目10-15
M000243,田中 由美,1974-10-23,女性,090-2584-7040,神奈川県藤沢市辻堂5丁目17-2
M000244,佐々木 陽子,1996-04-19,女性,090-4220-9205,神奈川県藤沢市辻堂1丁目20-14
M000245,渡辺 愛,1972-08-14,女性,090-4980-2659,東京都大田区蒲田1丁目9-8
M000246,山田 拓也,1999-07-08,男性,090-4440-4168,神奈川県藤沢市善行2丁目27-19
M000247,吉田 麻衣,1999-08-10,女性,090-9076-7427,東京都杉並区高円寺5丁目18-6
M000248,小林 直樹,1994-08-04,男性,090-3979-1655,東京都大田区大森1丁目23-14
M000249,吉田 美咲,1970-02-03,女性,090-8724-7589,東京都杉並区阿佐谷4丁目13-10
M000250,加藤 さくら,1951-03-15,女性,090-4633-3767,東京都八王子市北野4丁目17-1
M000251,田中 聡,1961-08-04,男性,090-6084-3946,神奈川県藤沢市善行2丁目8-1
M000252,佐藤 愛,1993-11-20,女性,090-8774-5846,神奈川県横浜市青葉区美しが丘1丁目10-9
M000253,佐藤 恵,1987-10-01,女性,090-5428-7255,東京都世田谷区経堂4丁目25-19
M000254,山田 麻衣,1966-07-25,女性,090-9457-2831,東京都大田区蒲田2丁目7-18
M000255,山本 大輔,1985-02-23,男性,090-4084-7269,東京都世田谷区赤堤2丁目17-11
M000256,木村 杏,1978-04-25,女性,090-1071-7132,東京都世田谷区上北沢4丁目17-16
M000257,井上 翔太,2006-01-27,男性,090-9306-8603,千葉県船橋市北習志野4丁目1-2
M000258,渡辺 翔太,1973-05-22,男性,090-5927-5249,神奈川県横浜市青葉区たまプラーザ5丁目22-12
M000259,鈴木 由美,1987-03-03,女性,090-7067-4739,神奈川県横浜市青葉区美しが丘3丁目20-10
M000260,中村 亮,1993-04-02,男性,090-4406-7066,東京都杉並区阿佐谷4丁目4-17
M000261,松本 浩二,1950-09-06,男性,090-1593-8799,神奈川県川崎市宮前区有馬3丁目13-18
M000262,高橋 直樹,1971-01-01,男性,090-9845-7695,埼玉県さいたま市浦和区北浦和2丁目13-3
M000263,井上 彩,1992-01-25,女性,090-7804-5428,神奈川県横浜市青葉区たまプラーザ1丁目18-19
M000264,木村 恵,1985-11-26,女性,090-5406-8369,東京都大田区田園調布3丁目29-1
M000265,吉田 陽子,1990-11-17,女性,090-8085-2484,神奈川県川崎市宮前区宮崎3丁目20-1
M000266,渡辺 聡,2006-02-06,男性,090-4493-7701,東京都大田区蒲田4丁目11-14
M000267,加藤 翔太,1982-11-19,男性,090-3543-5399,東京都杉並区荻窪2丁目14-18
M000268,佐々木 健一,1971-11-16,男性,090-9050-1445,埼玉県さいたま市浦和区岸町2丁目27-15
M000269,田中 遥,2005-05-10,女性,090-2264-4135,神奈川県藤沢市湘南台1丁目12-5
M000270,佐藤 さくら,2002-05-14,女性,090-2006-9184,千葉県船橋市北習志野2丁目18-12
M000271,伊藤 遥,1987-09-23,女性,090-5284-7851,神奈川県横浜市青葉区美しが丘4丁目12-8
M000272,松本 聡,1981-01-22,男性,090-8919-4264,東京都世田谷区上北沢5丁目18-2
M000273,小林 美咲,1977-10-25,女性,090-3717-1779,神奈川県藤沢市善行4丁目27-4
M000274,鈴木 隆,2003-06-01,男性,090-3121-9088,東京都杉並区阿佐谷5丁目5-16
M000275,田中 拓也,1990-08-06,男性,090-9411-4420,千葉県市川市八幡3丁目10-1
M000276,鈴木 直樹,1984-12-13,男性,090-7867-4257,東京都世田谷区経堂2丁目21-9
M000277,山田 亮,1977-09-10,男性,090-8777-4752,神奈川県藤沢市善行4丁目12-1
M000278,加藤 拓也,1977-12-22,男性,090-1847-6923,埼玉県川口市並木3丁目23-5
M000279,加藤 健一,1996-10-16,男性,090-7082-2372,東京都杉並区阿佐谷4丁目26-2
M000280,高橋 翔太,1964-10-20,男性,090-5215-5211,神奈川県川崎市宮前区宮崎3丁目14-5
M000281,木村 亮,1990-06-11,男性,090-7512-1903,千葉県市川市国府台4丁目10-14
M000282,高橋 健一,1990-09-24,男性,090-5334-8724,東京都杉並区阿佐谷2丁目6-19
M000283,山田 健一,1989-06-08,男性,090-6873-4852,埼玉県さいたま市浦和区岸町1丁目11-1
M000284,加藤 誠,1953-04-16,男性,090-1081-5729,神奈川県横浜市青葉区美しが丘2丁目3-18
M000285,井上 杏,1981-02-24,女性,090-9363-8949,東京都大田区蒲田5丁目20-2
M000286,加藤 美咲,1980-09-26,女性,090-8798-3972,千葉県市川市八幡4丁目10-18
M000287,山田 亮,1991-10-24,男性,090-5302-4516,千葉県市川市八幡2丁目8-12
M000288,佐々木 彩,1965-09-27,女性,090-4028-8127,埼玉県川口市芝3丁目7-12
M000289,佐藤 麻衣,1970-06-01,女性,090-7003-3994,埼玉県さいたま市浦和区岸町4丁目17-12
M000290,田中 彩,1985-03-25,女性,090-7490-3913,東京都世田谷区上北沢2丁目15-13
M000291,鈴木 大輔,2000-04-14,男性,090-5480-6687,神奈川県藤沢市善行1丁目15-18
M000292,高橋 美咲,1959-08-26,女性,090-1618-6623,神奈川県藤沢市善行3丁目3-10
M000293,加藤 陽子,1982-02-07,女性,090-6984-4813,千葉県船橋市北習志野1丁目28-10
M000294,高橋 聡,1995-06-03,男性,090-1455-3196,東京都大田区蒲田3丁目14-10
M000295,木村 美咲,1990-04-07,女性,090-5101-4557,千葉県市川市八幡3丁目23-8
M000296,佐藤 翔太,2006-06-15,男性,090-8290-5024,東京都大田区田園調布2丁目20-8
M000297,小林 由美,1978-06-16,女性,090-7513-8455,神奈川県川崎市宮前区鷺沼4丁目9-3
M000298,加藤 直樹,1966-08-19,男性,090-4530-2372,神奈川県川崎市宮前区宮崎2丁目16-13
M000299,伊藤 陽子,1966-07-07,女性,090-2095-4302,東京都大田区大森1丁目3-8
M000300,木村 直樹,1990-10-05,男性,090-6724-7813,神奈川県藤沢市善行3丁目27-4
M000301,小林 遥,1991-03-08,女性,090-8053-7668,東京都世田谷区上北沢4丁目29-15
M000302,小林 大輔,1990-04-16,男性,090-4257-4654,神奈川県藤沢市湘南台3丁目27-18
M000303,山田 由美,1985-10-18,女性,090-3028-3635,神奈川県横浜市青葉区市ケ尾4丁目8-14
M000304,山田 由美,1990-12-19,女性,090-3027-9470,千葉県船橋市本町2丁目4-11
M000305,吉田 大輔,1959-12-05,男性,090-1180-7509,東京都大田区田園調布5丁目5-4
M000306,佐々木 隆,1990-02-15,男性,090-3545-4547,埼玉県さいたま市浦和区北浦和3丁目19-11
M000307,中村 誠,1968-02-24,男性,090-4235-4293,神奈川県横浜市青葉区美しが丘1丁目23-18
M000308,小林 さくら,1975-01-28,女性,090-3522-9916,東京都杉並区高円寺1丁目13-4
M000309,高橋 遥,1985-05-11,女性,090-1519-8290,神奈川県川崎市宮前区有馬4丁目10-6
M000310,吉田 健一,1972-01-11,男性,090-2027-9521,神奈川県横浜市青葉区美しが丘5丁目4-16
M000311,木村 聡,1991-11-16,男性,090-6245-8095,東京都大田区大森3丁目4-1
M000312,鈴木 拓也,1994-03-03,男性,090-3139-2495,埼玉県さいたま市浦和区北浦和1丁目14-4
M000313,松本 聡,1987-07-14,男性,090-9720-4265,東京都世田谷区赤堤2丁目4-5
M000314,伊藤 遥,1959-10-23,女性,090-6215-1949,神奈川県横浜市青葉区市ケ尾5丁目7-1
M000315,佐々木 浩二,1982-07-19,男性,090-3762-9473,神奈川県藤沢市湘南台2丁目9-8
M000316,鈴木 美咲,1958-12-27,女性,090-3302-5840,神奈川県横浜市青葉区たまプラーザ5丁目18-9
M000317,高橋 健一,1977-06-06,男性,090-8110-3979,神奈川県藤沢市湘南台1丁目9-12
M000318,伊藤 直樹,1970-06-21,男性,090-2335-8064,東京都大田区田園調布3丁目21-8
M000319,鈴木 陽子,2006-10-18,女性,090-7975-3281,東京都杉並区高円寺4丁目22-7
M000320,小林 拓也,1986-11-20,男性,090-2487-2761,千葉県市川市八幡4丁目7-18
M000321,田中 麻衣,1958-06-24,女性,090-1062-8603,東京都杉並区阿佐谷2丁目18-6
M000322,小林 彩,1984-05-25,女性,090-1067-9328,神奈川県横浜市青葉区美しが丘3丁目14-11
M000323,田中 聡,1993-09-28,男性,090-2254-2657,東京都八王子市南大沢1丁目28-1
M000324,小林 大輔,1982-11-27,男性,090-2594-6753,千葉県市川市国府台5丁目24-15
M000325,伊藤 愛,1978-04-08,女性,090-4973-2759,埼玉県川口市並木4丁目16-16
M000326,井上 拓也,1993-03-06,男性,090-9606-9675,東京都杉並区荻窪4丁目15-2
M000327,中村 さくら,1947-05-28,女性,090-6290-7599,埼玉県さいたま市浦和区常盤1丁目17-14
M000328,佐藤 隆,1977-12-11,男性,090-9882-4542,東京都大田区大森3丁目1-12
M000329,渡辺 美咲,1986-11-28,女性,090-6376-1191,千葉県市川市行徳2丁目25-17
M000330,木村 愛,1987-08-23,女性,090-6157-2978,神奈川県川崎市宮前区有馬2丁目27-13
M000331,松本 聡,1981-01-27,男性,090-6648-9904,東京都杉並区阿佐谷3丁目2-16
M000332,木村 直樹,1962-02-24,男性,090-5315-1936,千葉県船橋市北習志野2丁目24-4
M000333,佐々木 杏,1986-02-19,女性,090-4602-5175,埼玉県さいたま市浦和区常盤5丁目7-19
M000334,井上 直樹,1998-07-11,男性,090-1003-5274,神奈川県川崎市宮前区有馬4丁目28-7
M000335,渡辺 遥,1970-11-19,女性,090-7323-5521,東京都世田谷区上北沢2丁目23-6
M000336,中村 由美,2002-02-02,女性,090-7627-7885,神奈川県藤沢市善行1丁目19-9
M000337,井上 恵,2000-04-05,女性,090-9180-9215,東京都八王子市南大沢5丁目4-9
M000338,佐藤 隆,1958-11-11,男性,090-8596-4480,東京都八王子市北野1丁目8-8
M000339,佐藤 美咲,1974-09-19,女性,090-2352-1555,神奈川県藤沢市善行3丁目2-3
M000340,吉田 麻衣,1990-01-14,女性,090-1851-4690,東京都世田谷区経堂2丁目8-16
M000341,井上 直樹,1955-06-11,男性,090-3573-6557,埼玉県さいたま市浦和区北浦和1丁目5-10
M000342,田中 浩二,1959-05-17,男性,090-1651-7682,東京都世田谷区赤堤4丁目8-19
M000343,高橋 美咲,1957-04-10,女性,090-7878-2184,東京都八王子市北野4丁目2-17
M000344,加藤 彩,1953-10-20,女性,090-5847-3012,東京都大田区蒲田5丁目18-19
M000345,高橋 亮,1973-06-18,男性,090-1652-9483,東京都杉並区高円寺4丁目8-8
M000346,伊藤 杏,1952-10-10,女性,090-5193-3549,東京都大田区大森1丁目5-8
M000347,中村 拓也,1964-05-18,男性,090-5333-7802,千葉県市川市国府台2丁目19-5
M000348,加藤 隆,1957-03-03,男性,090-2577-8356,埼玉県川口市並木5丁目9-19
M000349,山本 誠,1984-03-02,男性,090-3779-8335,東京都杉並区荻窪5丁目2-8
M000350,山本 拓也,1983-06-11,男性,090-5287-8610,東京都世田谷区上北沢5丁目27-5
M000351,伊藤 大輔,1971-03-12,男性,090-4908-5488,東京都杉並区高円寺1丁目14-1
M000352,木村 浩二,1988-07-26,男性,090-1081-1063,埼玉県さいたま市浦和区常盤1丁目14-3
M000353,佐藤 麻衣,1981-02-22,女性,090-4599-4204,東京都杉並区阿佐谷5丁目22-3
M000354,吉田 愛,1974-11-25,女性,090-9082-8935,千葉県船橋市北習志野1丁目22-8
M000355,渡辺 麻衣,1971-06-19,女性,090-3992-3310,東京都八王子市北野4丁目12-19
M000356,中村 浩二,1963-10-23,男性,090-8911-1736,神奈川県川崎市宮前区宮崎3丁目14-18
M000357,木村 遥,1990-05-11,女性,090-3969-5725,神奈川県川崎市宮前区有馬5丁目13-6
M000358,加藤 翔太,1983-09-15,男性,090-6786-8921,神奈川県藤沢市善行3丁目29-3
M000359,佐々木 亮,2006-09-26,男性,090-5434-5256,東京都世田谷区経堂2丁目14-6
M000360,伊藤 由美,1969-01-12,女性,090-7332-2002,千葉県船橋市習志野台1丁目16-15
M000361,木村 誠,2006-05-28,男性,090-4341-4509,埼玉県さいたま市浦和区常盤2丁目13-19
M000362,山田 直樹,1966-10-25,男性,090-6632-4065,埼玉県川口市戸塚3丁目15-11
M000363,伊藤 拓也,1972-02-20,男性,090-9634-1574,千葉県船橋市習志野台2丁目14-11
M000364,佐々木 愛,1978-02-22,女性,090-3794-3522,神奈川県藤沢市善行1丁目25-15
M000365,佐藤 由美,1982-08-14,女性,090-6430-8273,神奈川県川崎市宮前区有馬4丁目6-6
M000366,佐々木 大輔,2006-04-02,男性,090-3273-4728,東京都八王子市めじろ台5丁目1-17
M000367,加藤 拓也,1975-11-06,男性,090-8206-5324,埼玉県川口市並木2丁目25-1
M000368,小林 聡,1956-06-18,男性,090-2050-3549,東京都八王子市めじろ台4丁目5-18
M000369,高橋 隆,1955-07-03,男性,090-1918-6633,埼玉県さいたま市浦和区常盤2丁目12-9
M000370,井上 陽子,1953-02-24,女性,090-2609-9528,千葉県船橋市習志野台3丁目9-17
M000371,山田 由美,1949-04-16,女性,090-2167-8210,東京都大田区蒲田4丁目22-4
M000372,小林 麻衣,1960-07-27,女性,090-8777-3329,千葉県市川市行徳2丁目20-11
M000373,木村 恵,1985-04-22,女性,090-5522-4675,埼玉県川口市芝4丁目25-4
M000374,吉田 直樹,1984-03-17,男性,090-5979-7992,千葉県市川市八幡5丁目11-19
M000375,山田 拓也,1996-08-21,男性,090-3279-3508,千葉県船橋市本町1丁目11-1
M000376,小林 聡,1984-07-08,男性,090-1252-4712,神奈川県横浜市青葉区市ケ尾5丁目15-3
M000377,佐藤 大輔,1983-01-12,男性,090-1504-2780,埼玉県さいたま市浦和区岸町4丁目15-5
M000378,吉田 聡,2003-10-11,男性,090-4110-6772,埼玉県さいたま市浦和区岸町3丁目10-12
M000379,鈴木 さくら,1958-10-12,女性,090-3259-1255,埼玉県川口市並木2丁目12-4
M000380,鈴木 杏,1981-01-17,女性,090-7288-8766,神奈川県横浜市青葉区美しが丘1丁目21-15
M000381,松本 拓也,1980-07-15,男性,090-7745-7102,神奈川県横浜市青葉区たまプラーザ1丁目26-2
M000382,井上 拓也,1996-09-16,男性,090-6755-5088,埼玉県川口市戸塚3丁目26-5
M000383,小林 杏,1979-04-01,女性,090-1372-1619,埼玉県川口市並木3丁目25-1
M000384,鈴木 恵,1963-10-03,女性,090-2658-2826,千葉県市川市八幡1丁目2-3
M000385,高橋 健一,2004-10-27,男性,090-1814-8567,東京都八王子市めじろ台3丁目4-1
M000386,加藤 彩,1956-06-11,女性,090-3931-5415,神奈川県横浜市青葉区市ケ尾2丁目18-17
M000387,田中 由美,1959-08-02,女性,090-5989-6717,埼玉県川口市並木4丁目5-18
M000388,伊藤 拓也,1970-06-26,男性,090-2330-9848,埼玉県さいたま市浦和区北浦和2丁目13-18
M000389,小林 麻衣,1977-06-07,女性,090-1299-4101,東京都大田区田園調布4丁目14-15
M000390,渡辺 恵,1963-06-16,女性,090-2804-4772,東京都杉並区荻窪2丁目24-2
M000391,山田 大輔,1985-06-02,男性,090-7841-2391,埼玉県さいたま市浦和区北浦和1丁目29-9
M000392,山田 拓也,1982-12-18,男性,090-6860-5688,東京都世田谷区経堂3丁目8-1
M000393,鈴木 浩二,1969-03-05,男性,090-9934-9918,神奈川県藤沢市辻堂2丁目6-4
M000394,山本 麻衣,1961-12-19,女性,090-2250-7517,神奈川県川崎市宮前区宮崎1丁目1-3
M000395,山田 由美,1990-01-14,女性,090-5243-3808,神奈川県横浜市青葉区たまプラーザ3丁目14-2
M000396,高橋 麻衣,1992-04-20,女性,090-7447-2473,埼玉県さいたま市浦和区北浦和2丁目6-2
M000397,伊藤 浩二,1974-12-14,男性,090-5226-6113,千葉県市川市八幡4丁目22-12
M000398,伊藤 陽子,2006-11-04,女性,090-8705-2691,埼玉県川口市芝2丁目24-13
M000399,鈴木 拓也,1977-03-21,男性,090-4685-6689,東京都八王子市北野2丁目17-1
M000400,山本 杏,1982-07-15,女性,090-1997-4016,千葉県市川市八幡4丁目9-12
M000401,中村 恵,1954-02-25,女性,090-7102-7340,東京都大田区大森2丁目7-5
M000402,佐藤 さくら,1975-01-19,女性,090-6483-8179,神奈川県川崎市宮前区宮崎3丁目27-7
M000403,吉田 愛,1980-09-12,女性,090-6591-1853,神奈川県川崎市宮前区有馬3丁目21-15
M000404,渡辺 彩,1980-07-16,女性,090-9058-1110,東京都八王子市南大沢3丁目6-14
M000405,松本 由美,1977-04-25,女性,090-6738-8715,埼玉県川口市並木3丁目7-7
M000406,加藤 遥,1992-06-13,女性,090-7373-9515,神奈川県横浜市青葉区美しが丘1丁目15-13
M000407,佐藤 亮,1956-09-26,男性,090-5910-3946,神奈川県横浜市青葉区美しが丘5丁目8-11
M000408,田中 浩二,1964-05-09,男性,090-2016-3556,千葉県市川市行徳2丁目24-12
M000409,木村 翔太,1954-01-23,男性,090-2715-3715,千葉県船橋市本町1丁目6-13
M000410,渡辺 美咲,1957-09-07,女性,090-4293-7598,神奈川県川崎市宮前区宮崎3丁目8-7
M000411,吉田 健一,1960-07-07,男性,090-1706-4337,神奈川県川崎市宮前区鷺沼3丁目3-9
M000412,渡辺 亮,1987-03-14,男性,090-5013-8572,東京都世田谷区上北沢3丁目24-3
M000413,渡辺 彩,1972-08-28,女性,090-4817-9253,神奈川県横浜市青葉区たまプラーザ5丁目17-6
M000414,中村 由美,1971-07-13,女性,090-9212-9663,神奈川県横浜市青葉区たまプラーザ1丁目3-12
M000415,渡辺 拓也,2005-11-10,男性,090-3282-3745,千葉県船橋市習志野台3丁目3-8
M000416,加藤 誠,1962-08-11,男性,090-7044-9712,千葉県市川市国府台4丁目5-10
M000417,吉田 翔太,1973-03-27,男性,090-8932-5988,埼玉県川口市戸塚4丁目13-14
M000418,吉田 遥,1993-02-03,女性,090-4677-5229,東京都世田谷区上北沢3丁目26-5
M000419,松本 大輔,1992-03-08,男性,090-8785-5534,東京都大田区田園調布4丁目1-14
M000420,佐藤 直樹,1983-03-25,男性,090-3534-4487,東京都世田谷区上北沢3丁目11-19
M000421,井上 杏,1948-05-10,女性,090-1339-9585,東京都大田区大森4丁目23-15
M000422,山本 遥,1958-11-03,女性,090-7280-8480,東京都世田谷区赤堤2丁目10-8
M000423,伊藤 陽子,1996-11-10,女性,090-8129-7617,東京都杉並区荻窪3丁目13-7
M000424,木村 由美,1969-08-28,女性,090-4184-7313,東京都大田区大森4丁目16-12
M000425,吉田 隆,1981-10-21,男性,090-2577-7109,神奈川県横浜市青葉区市ケ尾3丁目15-7
M000426,高橋 亮,1968-05-11,男性,090-8689-7288,埼玉県川口市並木2丁目25-2
M000427,木村 由美,1978-09-13,女性,090-9348-7887,神奈川県藤沢市湘南台3丁目29-7
M000428,木村 隆,1993-09-05,男性,090-3545-3629,神奈川県川崎市宮前区有馬5丁目18-15
M000429,吉田 拓也,1977-06-18,男性,090-4329-5735,神奈川県横浜市青葉区市ケ尾1丁目3-1
M000430,木村 遥,1987-10-28,女性,090-6979-1624,神奈川県横浜市青葉区たまプラーザ1丁目20-2
M000431,佐藤 さくら,1966-12-03,女性,090-2808-4386,神奈川県横浜市青葉区市ケ尾5丁目2-15
M000432,小林 健一,2000-07-20,男性,090-2776-7149,埼玉県川口市芝4丁目22-3
M000433,吉田 健一,1981-02-15,男性,090-9972-6830,埼玉県さいたま市浦和区北浦和2丁目6-18
M000434,井上 彩,1994-12-22,女性,090-8269-8739,東京都世田谷区上北沢2丁目20-15
M000435,高橋 美咲,1971-08-06,女性,090-1194-5077,千葉県船橋市本町5丁目18-1
M000436,加藤 誠,1986-11-15,男性,090-1469-9149,東京都大田区田園調布2丁目15-3
M000437,山田 由美,1979-10-26,女性,090-8907-9814,埼玉県さいたま市浦和区北浦和4丁目7-14
M000438,吉田 愛,1997-03-17,女性,090-5395-6449,埼玉県川口市芝5丁目25-3
M000439,佐々木 恵,1952-09-02,女性,090-5728-2716,東京都世田谷区赤堤1丁目13-3
M000440,伊藤 翔太,1957-04-23,男性,090-5187-6965,埼玉県さいたま市浦和区北浦和4丁目24-15
M000441,鈴木 彩,1985-10-12,女性,090-6787-4908,神奈川県横浜市青葉区美しが丘5丁目6-9
M000442,山田 遥,2000-12-08,女性,090-2836-3031,東京都大田区田園調布3丁目13-1
M000443,鈴木 麻衣,1976-12-09,女性,090-1315-3059,東京都世田谷区上北沢3丁目24-4
M000444,松本 誠,1990-08-10,男性,090-3568-9893,東京都杉並区荻窪1丁目10-15
M000445,鈴木 亮,1995-01-06,男性,090-3607-5944,埼玉県川口市戸塚3丁目17-2
M000446,渡辺 隆,1980-05-12,男性,090-1628-2848,千葉県船橋市北習志野2丁目9-14
M000447,井上 聡,1990-04-10,男性,090-9702-5946,千葉県船橋市北習志野3丁目26-17
M000448,小林 遥,1970-08-11,女性,090-1368-8482,東京都杉並区高円寺2丁目18-1
M000449,小林 美咲,1973-02-16,女性,090-3735-7701,神奈川県川崎市宮前区有馬3丁目27-4
M000450,鈴木 健一,1973-01-14,男性,090-2357-8325,東京都大田区大森4丁目4-8
M000451,佐藤 麻衣,1977-09-05,女性,090-4988-2733,埼玉県川口市芝2丁目9-19
M000452,加藤 亮,2003-03-04,男性,090-3791-9571,東京都大田区蒲田3丁目21-4
M000453,山本 聡,1958-06-01,男性,090-3633-3406,神奈川県横浜市青葉区美しが丘2丁目8-11
M000454,中村 恵,1974-04-16,女性,090-9743-2513,神奈川県川崎市宮前区宮崎5丁目15-1
M000455,小林 恵,1950-04-02,女性,090-3555-1851,東京都杉並区荻窪2丁目28-8
M000456,田中 麻衣,1986-04-04,女性,090-8924-1814,千葉県船橋市北習志野4丁目7-18
M000457,井上 隆,1970-04-28,男性,090-1030-4548,千葉県船橋市北習志野4丁目18-8
M000458,吉田 大輔,1988-09-12,男性,090-6188-1157,東京都世田谷区経堂4丁目24-12
M000459,高橋 大輔,1979-11-15,男性,090-1615-5999,東京都杉並区荻窪5丁目7-6
M000460,佐藤 直樹,1983-08-25,男性,090-8953-6023,東京都大田区大森1丁目10-10
M000461,小林 杏,2006-06-22,女性,090-8012-5373,東京都杉並区阿佐谷2丁目22-17
M000462,小林 由美,1985-06-15,女性,090-8482-2081,埼玉県さいたま市浦和区岸町3丁目14-17
M000463,鈴木 彩,1971-10-09,女性,090-3826-7233,東京都世田谷区赤堤3丁目16-3
M000464,山田 直樹,1979-10-15,男性,090-7730-8844,千葉県市川市行徳4丁目12-6
M000465,小林 愛,1966-09-26,女性,090-7228-1448,東京都大田区蒲田3丁目14-19
M000466,山田 さくら,1974-10-02,女性,090-8412-6872,東京都大田区蒲田5丁目27-9
M000467,井上 聡,2006-09-23,男性,090-3614-8630,東京都杉並区阿佐谷1丁目24-16
M000468,渡辺 亮,1980-04-27,男性,090-3001-9981,東京都世田谷区経堂2丁目29-16
M000469,伊藤 亮,2006-01-01,男性,090-3224-8885,埼玉県さいたま市浦和区常盤2丁目9-9
M000470,加藤 恵,1950-04-06,女性,090-1149-6074,神奈川県横浜市青葉区たまプラーザ4丁目4-4
M000471,松本 聡,1989-06-15,男性,090-6958-4289,神奈川県横浜市青葉区市ケ尾3丁目1-13
M000472,山田 遥,1978-01-15,女性,090-6039-9259,東京都八王子市北野5丁目20-10
M000473,鈴木 遥,1983-11-01,女性,090-4480-5189,東京都杉並区荻窪5丁目8-8
M000474,加藤 美咲,1988-07-10,女性,090-4900-9421,東京都杉並区高円寺3丁目3-19
M000475,中村 聡,1963-09-15,男性,090-3555-2748,埼玉県川口市芝2丁目3-15
M000476,加藤 拓也,1984-07-24,男性,090-9413-5689,東京都大田区田園調布2丁目6-16
M000477,松本 浩二,1965-11-25,男性,090-3485-6747,千葉県市川市行徳1丁目1-1
M000478,井上 陽子,1985-02-15,女性,090-7505-9215,東京都八王子市めじろ台4丁目9-9
M000479,木村 誠,2001-05-17,男性,090-3206-2586,東京都八王子市めじろ台5丁目22-4
M000480,山田 翔太,1956-10-12,男性,090-4598-7229,千葉県船橋市習志野台3丁目25-19
M000481,山本 陽子,2006-12-23,女性,090-1334-5633,埼玉県さいたま市浦和区北浦和5丁目5-18
M000482,鈴木 健一,1980-06-17,男性,090-7510-5098,千葉県船橋市習志野台4丁目26-11
M000483,吉田 恵,1989-05-04,女性,090-4978-1674,東京都杉並区高円寺5丁目2-4
M000484,高橋 翔太,1986-01-08,男性,090-5048-9179,神奈川県藤沢市辻堂3丁目13-18
M000485,田中 直樹,1984-11-08,男性,090-9295-9836,東京都世田谷区赤堤4丁目16-10
M000486,佐藤 誠,1985-05-01,男性,090-6648-2231,千葉県船橋市本町4丁目3-13
M000487,佐々木 愛,2006-08-13,女性,090-1948-1638,神奈川県川崎市宮前区宮崎5丁目26-14
M000488,伊藤 大輔,1978-03-13,男性,090-6619-6460,千葉県船橋市習志野台1丁目21-13
M000489,佐々木 彩,1986-03-10,女性,090-4562-8644,東京都世田谷区上北沢4丁目12-8
M000490,渡辺 直樹,1964-02-07,男性,090-7789-1485,東京都八王子市めじろ台2丁目21-12
M000491,田中 翔太,2006-01-12,男性,090-6327-5887,神奈川県横浜市青葉区市ケ尾3丁目14-13
M000492,山本 陽子,1991-06-03,女性,090-1188-1114,東京都世田谷区上北沢2丁目23-17
M000493,田中 亮,1955-01-18,男性,090-6214-3778,神奈川県横浜市青葉区市ケ尾3丁目7-9
M000494,松本 拓也,1971-09-10,男性,090-9011-1191,千葉県市川市行徳2丁目3-9
M000495,吉田 陽子,1989-08-21,女性,090-6425-9026,埼玉県さいたま市浦和区常盤1丁目6-14
M000496,井上 翔太,1961-06-03,男性,090-2876-7973,埼玉県さいたま市浦和区常盤4丁目22-10
M000497,木村 愛,1973-02-26,女性,090-7733-9419,東京都大田区大森2丁目19-4
M000498,佐藤 陽子,1969-02-05,女性,090-6453-8243,埼玉県川口市芝1丁目6-11
M000499,伊藤 翔太,1991-04-01,男性,090-5956-8117,東京都大田区田園調布4丁目5-9
M000500,田中 誠,1973-10-03,男性,090-3661-8517,神奈川県藤沢市辻堂2丁目7-3
M000501,井上 麻衣,1994-01-28,女性,090-4386-2888,神奈川県川崎市宮前区鷺沼1丁目23-18
M000502,加藤 健一,1982-10-23,男性,090-6175-4252,東京都大田区田園調布3丁目5-10
M000503,佐藤 さくら,1993-05-27,女性,090-8736-4130,東京都世田谷区赤堤2丁目24-15
M000504,吉田 麻衣,1985-03-28,女性,090-6466-7174,神奈川県横浜市青葉区市ケ尾4丁目8-7
M000505,高橋 隆,1976-08-10,男性,090-9745-5052,千葉県船橋市習志野台5丁目10-1
M000506,吉田 愛,1977-04-14,女性,090-3048-2588,東京都杉並区高円寺4丁目25-2
M000507,加藤 直樹,1981-09-02,男性,090-5558-1944,東京都世田谷区赤堤1丁目18-9
M000508,吉田 聡,1984-07-28,男性,090-7657-9515,千葉県船橋市北習志野3丁目9-13
M000509,鈴木 彩,1979-12-19,女性,090-7428-1960,千葉県市川市行徳5丁目14-12
M000510,山田 美咲,1969-07-04,女性,090-7937-3095,神奈川県藤沢市辻堂4丁目28-16
M000511,伊藤 陽子,1959-01-27,女性,090-3246-5184,千葉県市川市国府台3丁目20-6
M000512,井上 直樹,1997-01-12,男性,090-5483-7155,千葉県船橋市北習志野2丁目2-1
M000513,伊藤 浩二,1979-02-26,男性,090-5154-8685,神奈川県川崎市宮前区宮崎2丁目19-13
M000514,田中 亮,1958-08-28,男性,090-9593-9935,神奈川県川崎市宮前区宮崎5丁目23-4
M000515,加藤 聡,2006-09-07,男性,090-2312-5048,東京都大田区大森5丁目4-18
M000516,佐藤 隆,2001-04-01,男性,090-6162-4246,神奈川県横浜市青葉区美しが丘1丁目6-5
M000517,伊藤 彩,1990-04-06,女性,090-7885-9189,東京都大田区田園調布1丁目23-11
M000518,伊藤 聡,1974-04-25,男性,090-9272-3622,東京都大田区蒲田4丁目6-18
M000519,佐々木 美咲,1971-11-16,女性,090-7845-1088,東京都大田区蒲田4丁目8-17
M000520,鈴木 愛,2006-09-05,女性,090-3578-1411,神奈川県藤沢市湘南台3丁目1-13
M000521,加藤 美咲,1997-01-26,女性,090-6360-4964,神奈川県横浜市青葉区市ケ尾2丁目17-11
M000522,山本 翔太,1983-08-18,男性,090-3300-2053,東京都世田谷区経堂1丁目8-4
M000523,佐々木 由美,1964-05-12,女性,090-9449-1227,神奈川県川崎市宮前区鷺沼2丁目9-13
M000524,山本 聡,1998-11-10,男性,090-3729-5320,埼玉県川口市芝3丁目3-15
M000525,鈴木 美咲,1987-09-12,女性,090-2176-3748,千葉県船橋市本町2丁目9-9
M000526,渡辺 隆,1985-08-20,男性,090-8293-1299,東京都大田区蒲田3丁目10-13
M000527,伊藤 由美,1958-11-21,女性,090-1367-5661,神奈川県川崎市宮前区鷺沼1丁目6-15
M000528,佐藤 大輔,1956-01-28,男性,090-2081-8822,東京都世田谷区上北沢5丁目17-14
M000529,吉田 隆,1963-05-12,男性,090-2505-2796,東京都世田谷区上北沢5丁目3-12
M000530,渡辺 麻衣,1997-05-12,女性,090-6306-4039,東京都大田区蒲田4丁目6-16
M000531,加藤 隆,1983-01-12,男性,090-2320-1638,東京都杉並区高円寺2丁目18-12
M000532,小林 陽子,1983-01-25,女性,090-6334-3504,神奈川県川崎市宮前区有馬3丁目9-9
M000533,井上 聡,1987-01-27,男性,090-9329-3113,東京都世田谷区経堂4丁目2-17
M000534,小林 聡,1997-12-11,男性,090-1400-2633,神奈川県横浜市青葉区美しが丘5丁目4-2
M000535,井上 遥,1986-08-21,女性,090-9134-5217,東京都世田谷区上北沢5丁目18-8
M000536,松本 恵,1987-03-24,女性,090-1265-7116,東京都八王子市南大沢1丁目18-4
M000537,中村 隆,1988-01-13,男性,090-5580-4316,埼玉県川口市戸塚3丁目24-8
M000538,加藤 さくら,2002-10-19,女性,090-7954-4492,東京都杉並区高円寺4丁目21-10
M000539,渡辺 麻衣,1982-01-13,女性,090-4909-6513,埼玉県さいたま市浦和区岸町1丁目6-19
M000540,伊藤 隆,2006-06-26,男性,090-8664-8046,埼玉県さいたま市浦和区北浦和3丁目7-15
M000541,佐々木 健一,1977-03-04,男性,090-8177-7748,神奈川県横浜市青葉区市ケ尾5丁目20-18
M000542,佐藤 遥,1977-01-08,女性,090-2483-4203,東京都杉並区荻窪2丁目18-19
M000543,佐々木 浩二,1972-03-03,男性,090-5790-5506,東京都杉並区高円寺3丁目20-13
M000544,中村 恵,1980-03-20,女性,090-3881-3097,東京都世田谷区赤堤1丁目25-16
M000545,井上 聡,2000-01-15,男性,090-7758-3838,埼玉県川口市並木1丁目15-12
M000546,木村 聡,1982-06-22,男性,090-1755-4868,千葉県船橋市習志野台5丁目6-9
M000547,中村 麻衣,1953-01-10,女性,090-7971-2736,東京都世田谷区赤堤2丁目28-8
M000548,松本 浩二,1978-08-16,男性,090-9956-3544,埼玉県さいたま市浦和区北浦和4丁目20-18
M000549,山本 誠,1987-04-04,男性,090-4780-9780,神奈川県横浜市青葉区美しが丘3丁目15-4
M000550,中村 さくら,1985-07-08,女性,090-2614-4932,東京都八王子市北野1丁目25-16
M000551,吉田 亮,1981-03-13,男性,090-5447-6647,東京都杉並区高円寺4丁目28-2
M000552,中村 聡,1995-04-19,男性,090-5630-7422,神奈川県藤沢市湘南台5丁目12-7
M000553,渡辺 杏,1969-12-13,女性,090-1810-9166,千葉県船橋市習志野台3丁目19-12
M000554,佐々木 愛,1980-01-25,女性,090-2868-7723,東京都世田谷区経堂3丁目3-13
M000555,渡辺 翔太,2002-02-09,男性,090-7151-5567,神奈川県横浜市青葉区美しが丘3丁目20-16
M000556,木村 恵,2002-09-15,女性,090-8753-4372,埼玉県さいたま市浦和区岸町3丁目20-11
M000557,加藤 健一,1964-12-05,男性,090-2072-7060,埼玉県さいたま市浦和区岸町5丁目19-8
M000558,伊藤 聡,1987-06-23,男性,090-9952-4852,千葉県船橋市習志野台3丁目24-6
M000559,渡辺 陽子,1997-01-19,女性,090-4424-1874,埼玉県さいたま市浦和区北浦和1丁目13-7
M000560,伊藤 恵,1961-06-15,女性,090-7071-6926,神奈川県藤沢市湘南台5丁目24-13
M000561,渡辺 恵,1981-10-14,女性,090-1008-9106,千葉県市川市八幡5丁目26-15
M000562,山田 由美,1984-06-06,女性,090-8732-9725,千葉県市川市国府台4丁目4-9
M000563,高橋 愛,2001-06-07,女性,090-1132-9257,東京都杉並区荻窪2丁目5-4
M000564,高橋 恵,1978-08-11,女性,090-3741-7375,東京都世田谷区上北沢5丁目27-18
M000565,鈴木 麻衣,1999-11-04,女性,090-9108-3556,東京都杉並区荻窪2丁目12-10
M000566,高橋 聡,1992-04-08,男性,090-9666-3336,埼玉県川口市戸塚1丁目15-15
M000567,高橋 愛,1969-04-03,女性,090-6106-9056,神奈川県川崎市宮前区宮崎4丁目11-11
M000568,木村 誠,1993-08-17,男性,090-4745-6538,千葉県船橋市本町3丁目4-18
M000569,鈴木 陽子,1942-06-25,女性,090-7288-2273,東京都世田谷区経堂4丁目17-6
M000570,渡辺 彩,1972-10-27,女性,090-1420-1928,東京都杉並区阿佐谷1丁目11-2
M000571,加藤 麻衣,1959-09-08,女性,090-8115-9501,神奈川県横浜市青葉区たまプラーザ5丁目5-6
M000572,井上 亮,1989-03-08,男性,090-3527-6295,神奈川県川崎市宮前区有馬4丁目9-4
M000573,加藤 拓也,1972-05-17,男性,090-7220-6807,東京都杉並区荻窪4丁目3-10
M000574,渡辺 直樹,1999-08-20,男性,090-8822-8939,東京都大田区田園調布1丁目15-4
M000575,井上 健一,1970-04-14,男性,090-1097-3173,埼玉県川口市芝3丁目4-14
M000576,加藤 遥,1986-05-22,女性,090-2012-9305,埼玉県さいたま市浦和区岸町3丁目5-12
M000577,鈴木 愛,1994-10-15,女性,090-8632-8031,東京都八王子市北野4丁目27-10
M000578,伊藤 陽子,1999-01-22,女性,090-5951-1977,東京都杉並区阿佐谷1丁目8-10
M000579,山田 美咲,1983-03-03,女性,090-4367-1603,東京都八王子市北野3丁目16-8
M000580,小林 翔太,1967-07-19,男性,090-6953-3318,東京都世田谷区上北沢4丁目11-6
M000581,渡辺 麻衣,1986-09-08,女性,090-2914-8046,神奈川県川崎市宮前区宮崎4丁目22-2
M000582,中村 隆,1986-03-14,男性,090-8463-9233,神奈川県藤沢市湘南台3丁目16-2
M000583,高橋 陽子,1984-08-17,女性,090-2596-7997,東京都世田谷区上北沢3丁目6-17
M000584,山本 麻衣,1988-10-26,女性,090-3072-7988,東京都大田区大森1丁目9-2
M000585,加藤 大輔,1974-07-26,男性,090-7446-6023,神奈川県横浜市青葉区美しが丘2丁目27-16
M000586,山本 隆,1992-02-22,男性,090-9909-3387,神奈川県横浜市青葉区たまプラーザ5丁目17-10
M000587,中村 杏,1977-04-18,女性,090-2408-6135,東京都大田区大森3丁目28-2
M000588,鈴木 誠,1991-12-20,男性,090-4875-1172,東京都杉並区荻窪5丁目29-13
M000589,田中 浩二,1974-11-17,男性,090-2469-6837,東京都大田区田園調布5丁目21-14
M000590,山本 亮,1993-12-12,男性,090-6329-2466,埼玉県川口市並木3丁目22-14
M000591,山田 遥,1984-02-10,女性,090-6085-7298,東京都世田谷区経堂1丁目8-18
M000592,渡辺 拓也,1980-11-01,男性,090-5546-1320,千葉県船橋市本町3丁目16-2
M000593,小林 さくら,1979-05-01,女性,090-6640-9129,千葉県船橋市北習志野4丁目7-8
M000594,吉田 翔太,1977-08-15,男性,090-6768-1117,千葉県船橋市習志野台1丁目8-14
M000595,伊藤 愛,1991-05-18,女性,090-5493-5345,東京都杉並区阿佐谷3丁目1-16
M000596,吉田 彩,1982-03-02,女性,090-2045-4618,埼玉県川口市戸塚4丁目3-3
M000597,鈴木 直樹,1978-11-06,男性,090-4694-9009,東京都大田区田園調布1丁目14-1
M000598,田中 誠,1964-02-28,男性,090-5151-5982,千葉県船橋市北習志野5丁目19-15
M000599,佐藤 直樹,1979-07-23,男性,090-2557-9197,千葉県市川市行徳5丁目1-2
M000600,中村 隆,1979-06-23,男性,090-3725-4775,神奈川県藤沢市湘南台4丁目24-18
M000601,田中 聡,1983-02-14,男性,090-3116-3447,東京都大田区田園調布2丁目18-1
M000602,渡辺 遥,1997-11-17,女性,090-9703-4632,埼玉県さいたま市浦和区常盤5丁目29-5
M000603,山田 直樹,1969-10-02,男性,090-7723-1939,埼玉県さいたま市浦和区常盤4丁目16-8
M000604,山田 さくら,1953-02-01,女性,090-9923-1846,東京都世田谷区上北沢2丁目28-2
M000605,伊藤 由美,1974-04-03,女性,090-6814-5582,神奈川県川崎市宮前区宮崎4丁目12-9
M000606,加藤 浩二,1969-12-25,男性,090-9556-8016,東京都八王子市めじろ台5丁目24-12
M000607,伊藤 美咲,1991-10-21,女性,090-4926-8029,東京都八王子市めじろ台3丁目10-18
M000608,松本 さくら,1968-02-03,女性,090-9437-9769,神奈川県横浜市青葉区美しが丘2丁目14-3
M000609,田中 大輔,1986-04-25,男性,090-8917-2177,東京都杉並区高円寺2丁目10-1
M000610,鈴木 隆,1974-03-24,男性,090-2367-6016,埼玉県さいたま市浦和区常盤3丁目11-11
M000611,松本 杏,1971-07-07,女性,090-9569-8763,埼玉県川口市戸塚1丁目10-6
M000612,松本 健一,1965-12-14,男性,090-1765-1695,神奈川県川崎市宮前区宮崎1丁目14-3
M000613,中村 大輔,1960-01-20,男性,090-3711-6088,千葉県船橋市北習志野5丁目4-5
M000614,伊藤 遥,1990-03-12,女性,090-4249-2795,埼玉県さいたま市浦和区北浦和1丁目23-4
M000615,中村 遥,1989-08-20,女性,090-7370-1993,埼玉県川口市並木3丁目27-5
M000616,井上 さくら,1964-05-02,女性,090-4167-5879,千葉県船橋市習志野台3丁目8-3
M000617,田中 陽子,1971-07-13,女性,090-6122-2486,神奈川県川崎市宮前区有馬4丁目18-19
M000618,山田 美咲,1974-10-23,女性,090-6620-7210,東京都世田谷区経堂5丁目20-16
M000619,鈴木 聡,1960-04-28,男性,090-5118-2631,東京都杉並区高円寺3丁目9-15
M000620,中村 隆,1962-03-16,男性,090-3943-2217,神奈川県横浜市青葉区市ケ尾5丁目24-4
M000621,中村 恵,1992-01-23,女性,090-5918-8047,埼玉県さいたま市浦和区岸町4丁目11-18
M000622,高橋 麻衣,1961-07-18,女性,090-2086-2570,神奈川県横浜市青葉区美しが丘4丁目22-15
M000623,木村 遥,1962-07-06,女性,090-6346-7463,神奈川県川崎市宮前区鷺沼2丁目13-10
M000624,井上 翔太,1992-04-28,男性,090-6587-8415,埼玉県さいたま市浦和区北浦和1丁目19-7
M000625,伊藤 直樹,1962-06-07,男性,090-9477-6356,東京都世田谷区経堂1丁目18-10
M000626,吉田 亮,1987-05-20,男性,090-3747-7877,千葉県船橋市本町2丁目15-4
M000627,佐々木 翔太,1972-08-10,男性,090-7596-6226,神奈川県横浜市青葉区たまプラーザ1丁目27-9
M000628,伊藤 誠,2006-11-15,男性,090-8161-2896,神奈川県横浜市青葉区たまプラーザ4丁目10-15
M000629,山本 杏,1991-10-05,女性,090-5375-4373,東京都世田谷区経堂2丁目14-2
M000630,伊藤 杏,1993-05-24,女性,090-8298-2872,神奈川県川崎市宮前区宮崎2丁目22-11
M000631,鈴木 翔太,2006-11-11,男性,090-3553-2350,東京都世田谷区経堂4丁目3-1
M000632,渡辺 浩二,1976-08-04,男性,090-7491-9748,東京都八王子市めじろ台1丁目1-12
M000633,松本 恵,1948-02-17,女性,090-4079-3474,東京都杉並区阿佐谷3丁目6-11
M000634,山本 誠,1963-04-07,男性,090-8026-8253,東京都世田谷区経堂3丁目3-7
M000635,加藤 大輔,1998-07-23,男性,090-5758-2235,東京都世田谷区経堂5丁目23-1
M000636,木村 直樹,1978-03-09,男性,090-7687-8983,東京都大田区大森5丁目5-18
M000637,高橋 大輔,1995-02-28,男性,090-3652-1455,神奈川県藤沢市善行3丁目25-9
M000638,木村 直樹,1951-02-12,男性,090-9178-9859,東京都世田谷区経堂2丁目11-10
M000639,吉田 彩,1968-05-09,女性,090-8551-7239,東京都杉並区高円寺1丁目20-8
M000640,山田 誠,1989-03-18,男性,090-1113-8048,東京都杉並区荻窪3丁目17-19
M000641,山本 彩,1977-02-04,女性,090-3667-9229,神奈川県藤沢市善行3丁目13-4
M000642,田中 亮,1971-11-17,男性,090-7724-1676,東京都大田区蒲田3丁目8-3
M000643,松本 隆,1984-10-17,男性,090-6954-1186,東京都世田谷区上北沢3丁目24-7
M000644,中村 麻衣,1986-02-06,女性,090-3795-6433,東京都杉並区阿佐谷4丁目28-10
M000645,鈴木 亮,1991-03-28,男性,090-9938-4082,神奈川県横浜市青葉区たまプラーザ5丁目20-17
M000646,山田 大輔,1999-03-12,男性,090-7776-9895,東京都世田谷区赤堤4丁目19-4
M000647,山田 恵,1967-01-03,女性,090-1416-3330,神奈川県川崎市宮前区鷺沼1丁目13-4
M000648,佐藤 誠,1960-08-13,男性,090-6583-6423,神奈川県横浜市青葉区たまプラーザ1丁目6-2
M000649,伊藤 拓也,1973-02-15,男性,090-6816-9909,神奈川県横浜市青葉区市ケ尾4丁目28-17
M000650,山田 誠,1942-12-13,男性,090-7130-6806,東京都世田谷区上北沢1丁目5-9
M000651,佐々木 遥,1991-03-15,女性,090-8280-7680,神奈川県横浜市青葉区美しが丘1丁目17-14
M000652,鈴木 由美,1993-05-25,女性,090-7174-8656,埼玉県川口市戸塚2丁目10-18
M000653,井上 健一,2000-04-13,男性,090-1459-6798,東京都世田谷区上北沢2丁目4-8
M000654,佐藤 さくら,1978-11-25,女性,090-2394-6005,東京都世田谷区経堂2丁目28-14
M000655,佐々木 健一,2003-01-11,男性,090-6136-6843,東京都世田谷区赤堤1丁目26-18
M000656,高橋 陽子,1977-07-05,女性,090-4953-1564,東京都八王子市北野5丁目20-13
M000657,高橋 陽子,1981-07-17,女性,090-9841-9684,神奈川県藤沢市善行4丁目19-17
M000658,山田 誠,1976-12-07,男性,090-2645-4577,千葉県船橋市本町2丁目4-9
M000659,木村 直樹,1942-07-09,男性,090-1367-9957,東京都大田区大森3丁目28-10
M000660,中村 隆,2002-04-15,男性,090-3185-2519,東京都大田区大森1丁目3-11
M000661,吉田 杏,1982-05-14,女性,090-4909-3816,神奈川県藤沢市辻堂1丁目23-4
M000662,小林 直樹,1991-09-21,男性,090-7145-5683,東京都杉並区阿佐谷3丁目6-12
M000663,木村 麻衣,1971-06-14,女性,090-9106-5384,埼玉県川口市戸塚3丁目27-10
M000664,松本 直樹,1974-09-10,男性,090-2096-7031,東京都大田区蒲田4丁目6-18
M000665,吉田 愛,1942-06-26,女性,090-2322-2810,埼玉県さいたま市浦和区岸町2丁目20-17
M000666,井上 聡,1991-01-27,男性,090-4556-4272,埼玉県川口市戸塚1丁目25-7
M000667,井上 隆,1996-02-19,男性,090-5564-6282,東京都杉並区荻窪4丁目6-19
M000668,井上 美咲,1972-09-10,女性,090-4948-6566,千葉県船橋市本町5丁目8-16
M000669,佐々木 彩,1979-09-20,女性,090-5306-1123,東京都世田谷区上北沢4丁目20-13
M000670,小林 杏,1970-03-04,女性,090-5805-7580,神奈川県横浜市青葉区美しが丘1丁目1-2
M000671,山本 陽子,1972-03-09,女性,090-6253-2834,東京都杉並区荻窪1丁目10-17
M000672,小林 恵,1995-07-05,女性,090-2910-7716,神奈川県横浜市青葉区たまプラーザ4丁目15-9
M000673,木村 遥,1984-03-04,女性,090-8962-5030,東京都八王子市めじろ台3丁目2-11
M000674,山本 健一,1968-11-05,男性,090-9374-4445,神奈川県横浜市青葉区市ケ尾3丁目26-11
M000675,伊藤 陽子,1989-12-03,女性,090-6926-4895,埼玉県さいたま市浦和区常盤3丁目15-2
M000676,中村 亮,1973-02-13,男性,090-6778-6432,東京都大田区大森2丁目22-17
M000677,山田 麻衣,1969-03-04,女性,090-9642-5571,千葉県船橋市本町3丁目15-19
M000678,鈴木 聡,1952-12-03,男性,090-9787-2734,神奈川県川崎市宮前区鷺沼1丁目24-5
M000679,山田 美咲,1975-06-19,女性,090-1168-7297,埼玉県さいたま市浦和区岸町1丁目8-19
M000680,鈴木 浩二,1976-10-17,男性,090-9292-5633,神奈川県横浜市青葉区たまプラーザ5丁目2-13
M000681,山本 麻衣,1961-03-05,女性,090-4003-2522,埼玉県川口市並木5丁目13-11
M000682,渡辺 陽子,1964-02-24,女性,090-8803-1087,東京都八王子市南大沢3丁目29-15
M000683,井上 誠,1970-09-24,男性,090-4096-7003,神奈川県川崎市宮前区有馬4丁目25-15
M000684,加藤 由美,2006-12-25,女性,090-6483-7466,東京都大田区田園調布2丁目18-13
M000685,吉田 亮,1962-11-14,男性,090-9933-5976,東京都杉並区荻窪1丁目12-16
M000686,吉田 誠,1961-06-20,男性,090-5905-5218,神奈川県横浜市青葉区市ケ尾2丁目4-15
M000687,山本 誠,2000-12-17,男性,090-7764-9290,埼玉県さいたま市浦和区北浦和3丁目1-9
M000688,佐々木 亮,1946-10-08,男性,090-5608-2433,千葉県船橋市本町4丁目9-19
M000689,渡辺 杏,1961-12-18,女性,090-5278-1624,東京都世田谷区上北沢3丁目21-17
M000690,山田 直樹,1993-04-05,男性,090-6455-4380,神奈川県藤沢市湘南台4丁目6-13
M000691,加藤 浩二,1972-09-05,男性,090-5780-7139,東京都大田区田園調布2丁目3-1
M000692,山田 翔太,1969-09-03,男性,090-4903-9506,神奈川県藤沢市辻堂4丁目23-6
M000693,井上 彩,1965-09-16,女性,090-1713-9327,東京都杉並区阿佐谷5丁目6-7
M000694,佐々木 浩二,2003-12-26,男性,090-6257-7849,東京都大田区蒲田4丁目11-18
M000695,伊藤 彩,2002-03-06,女性,090-1001-5005,神奈川県川崎市宮前区鷺沼5丁目18-9
M000696,木村 拓也,1979-08-12,男性,090-9809-8915,東京都杉並区阿佐谷2丁目10-6
M000697,中村 由美,1985-07-08,女性,090-7221-9330,千葉県船橋市習志野台2丁目25-6
M000698,山本 由美,1956-01-05,女性,090-2905-4202,東京都世田谷区経堂1丁目19-17
M000699,木村 遥,1974-10-08,女性,090-4557-3494,埼玉県川口市並木3丁目13-11
M000700,鈴木 由美,1999-02-09,女性,090-2520-5739,神奈川県川崎市宮前区有馬5丁目12-14
M000701,山本 拓也,1958-07-16,男性,090-4877-4599,東京都杉並区荻窪3丁目24-16
M000702,鈴木 浩二,1989-04-22,男性,090-3358-5517,埼玉県さいたま市浦和区北浦和1丁目22-9
M000703,渡辺 愛,1981-07-24,女性,090-3504-1885,神奈川県藤沢市湘南台1丁目17-1
M000704,田中 美咲,1988-02-21,女性,090-2922-3076,千葉県船橋市本町5丁目27-8
M000705,鈴木 浩二,1978-07-03,男性,090-8916-3017,千葉県船橋市北習志野4丁目23-1
M000706,田中 杏,1991-01-06,女性,090-9618-4055,東京都杉並区阿佐谷1丁目10-9
M000707,佐藤 隆,1995-03-17,男性,090-1978-8685,千葉県船橋市本町1丁目14-9
M000708,田中 麻衣,1961-07-21,女性,090-2919-5775,東京都世田谷区経堂3丁目6-1
M000709,山本 麻衣,1960-09-15,女性,090-6872-4865,埼玉県さいたま市浦和区常盤2丁目13-16
M000710,小林 麻衣,1961-05-17,女性,090-4745-6048,千葉県船橋市習志野台4丁目13-14
M000711,佐藤 麻衣,1989-10-09,女性,090-1603-4857,千葉県市川市国府台2丁目4-4
M000712,佐々木 陽子,1987-04-02,女性,090-3216-4971,東京都杉並区高円寺2丁目4-12
M000713,鈴木 麻衣,1970-07-12,女性,090-4487-7444,神奈川県川崎市宮前区鷺沼4丁目3-18
M000714,佐藤 健一,1970-08-04,男性,090-6938-6721,東京都杉並区荻窪4丁目12-5
M000715,渡辺 翔太,1970-02-05,男性,090-1352-8194,千葉県船橋市北習志野3丁目1-11
M000716,吉田 隆,2000-03-26,男性,090-6432-6096,埼玉県さいたま市浦和区岸町5丁目15-9
M000717,田中 浩二,1981-11-02,男性,090-8177-2483,東京都杉並区荻窪2丁目23-6
M000718,井上 杏,2005-10-04,女性,090-2677-9864,東京都大田区田園調布2丁目10-5
M000719,吉田 さくら,2002-08-25,女性,090-8905-5442,神奈川県横浜市青葉区美しが丘1丁目2-19
M000720,山本 隆,1982-04-13,男性,090-4072-6848,東京都世田谷区赤堤3丁目4-19
M000721,木村 さくら,1984-06-22,女性,090-8770-2171,千葉県船橋市北習志野3丁目20-15
M000722,高橋 誠,1968-07-20,男性,090-4030-9954,神奈川県横浜市青葉区たまプラーザ2丁目28-11
M000723,小林 亮,1967-09-12,男性,090-1418-3340,東京都大田区田園調布3丁目4-2
M000724,井上 拓也,1980-08-02,男性,090-1450-5697,神奈川県横浜市青葉区たまプラーザ3丁目22-17
M000725,田中 聡,1973-10-11,男性,090-9174-1355,神奈川県藤沢市湘南台2丁目20-6
M000726,山田 大輔,1988-06-04,男性,090-2940-7257,東京都杉並区荻窪3丁目9-16
M000727,田中 大輔,1981-07-28,男性,090-7143-4912,東京都杉並区阿佐谷3丁目29-7
M000728,渡辺 翔太,1954-09-25,男性,090-5892-6938,千葉県船橋市本町1丁目19-8
M000729,佐々木 翔太,1967-01-17,男性,090-4228-2344,神奈川県川崎市宮前区有馬3丁目22-8
M000730,佐藤 亮,1970-03-05,男性,090-6313-6543,神奈川県藤沢市善行3丁目18-12
M000731,加藤 直樹,1970-11-13,男性,090-2871-9957,埼玉県さいたま市浦和区岸町1丁目11-9
M000732,山本 麻衣,1987-03-23,女性,090-3211-6245,埼玉県川口市並木2丁目13-1
M000733,井上 陽子,1982-10-24,女性,090-8914-4070,東京都杉並区阿佐谷5丁目23-1
M000734,山本 彩,1990-05-20,女性,090-9891-9902,東京都大田区大森1丁目20-14
M000735,伊藤 恵,1991-03-14,女性,090-2161-5908,埼玉県さいたま市浦和区岸町3丁目8-8
M000736,中村 遥,1967-07-17,女性,090-5367-6732,神奈川県川崎市宮前区有馬1丁目17-10
M000737,吉田 翔太,1970-02-27,男性,090-1077-3766,東京都世田谷区赤堤5丁目14-12
M000738,井上 さくら,2005-05-28,女性,090-6548-2575,千葉県市川市国府台4丁目23-4
M000739,山本 翔太,1989-07-28,男性,090-2666-8424,東京都世田谷区赤堤3丁目20-14
M000740,中村 麻衣,1966-11-23,女性,090-9154-4527,神奈川県横浜市青葉区美しが丘3丁目15-4
M000741,高橋 陽子,1980-03-18,女性,090-3032-8750,東京都世田谷区赤堤2丁目18-16
M000742,田中 隆,2002-12-25,男性,090-4997-4896,東京都杉並区阿佐谷5丁目23-10
M000743,山田 愛,1982-07-03,女性,090-5089-8223,千葉県船橋市本町3丁目29-16
M000744,鈴木 愛,1973-08-25,女性,090-7872-4372,埼玉県川口市戸塚3丁目24-11
M000745,佐々木 浩二,1987-03-21,男性,090-4991-5668,埼玉県川口市芝3丁目14-4
M000746,井上 遥,1984-02-20,女性,090-1845-1368,東京都世田谷区経堂2丁目21-17
M000747,田中 杏,1989-04-07,女性,090-4014-7757,神奈川県川崎市宮前区鷺沼2丁目26-5
M000748,小林 杏,1992-07-26,女性,090-1623-1948,東京都八王子市めじろ台2丁目29-11
M000749,佐藤 翔太,1976-01-16,男性,090-8270-4289,神奈川県横浜市青葉区美しが丘4丁目6-19
M000750,吉田 陽子,2000-01-26,女性,090-2575-1589,東京都八王子市南大沢1丁目10-19
M000751,渡辺 翔太,1963-01-21,男性,090-6368-9019,千葉県船橋市北習志野3丁目23-14
M000752,松本 恵,1959-07-02,女性,090-4478-3542,埼玉県さいたま市浦和区常盤5丁目7-7
M000753,高橋 由美,1966-09-06,女性,090-9248-8535,千葉県船橋市習志野台4丁目10-14
M000754,井上 恵,1964-08-07,女性,090-8376-6334,埼玉県川口市戸塚4丁目3-16
M000755,鈴木 拓也,1994-03-22,男性,090-7218-8214,東京都八王子市北野4丁目13-13
M000756,佐藤 遥,1951-01-23,女性,090-2720-3485,東京都世田谷区経堂3丁目23-4
M000757,松本 杏,1966-03-04,女性,090-6085-9744,東京都世田谷区経堂5丁目24-1
M000758,山本 愛,1986-10-07,女性,090-4314-6554,千葉県船橋市本町2丁目21-7
M000759,井上 直樹,1983-08-03,男性,090-6384-5402,埼玉県川口市戸塚3丁目7-5
M000760,高橋 直樹,1988-07-13,男性,090-5089-2094,埼玉県川口市並木1丁目24-11
M000761,木村 直樹,1971-05-04,男性,090-2995-2217,埼玉県川口市戸塚3丁目26-7
M000762,鈴木 愛,1968-01-17,女性,090-2869-8569,東京都八王子市めじろ台1丁目18-10
M000763,高橋 さくら,2003-09-22,女性,090-2549-2190,東京都大田区蒲田2丁目5-16
M000764,伊藤 恵,2003-09-15,女性,090-9416-1143,千葉県船橋市本町5丁目12-17
M000765,山田 健一,1981-09-01,男性,090-5831-6845,埼玉県さいたま市浦和区岸町2丁目10-7
M000766,加藤 大輔,1991-07-16,男性,090-8231-5808,東京都八王子市北野1丁目25-19
M000767,伊藤 大輔,2003-07-06,男性,090-9974-7309,東京都杉並区高円寺2丁目7-17
M000768,松本 陽子,1962-05-27,女性,090-6471-1967,神奈川県藤沢市辻堂3丁目5-5
M000769,鈴木 愛,1982-08-28,女性,090-2843-2448,神奈川県横浜市青葉区市ケ尾1丁目6-18
M000770,伊藤 浩二,2001-09-22,男性,090-1349-2405,東京都大田区蒲田3丁目9-2
M000771,中村 恵,1980-08-22,女性,090-3152-1342,埼玉県さいたま市浦和区岸町1丁目27-13
M000772,中村 遥,1991-09-10,女性,090-3414-9451,埼玉県さいたま市浦和区岸町5丁目6-3
M000773,佐藤 彩,1956-09-25,女性,090-6635-8109,神奈川県横浜市青葉区たまプラーザ3丁目26-10
M000774,木村 翔太,1972-09-28,男性,090-8598-7666,神奈川県川崎市宮前区鷺沼3丁目1-15
M000775,加藤 彩,1984-11-16,女性,090-1412-9657,東京都八王子市南大沢5丁目9-19
M000776,山本 麻衣,1983-02-23,女性,090-6772-5359,東京都世田谷区赤堤1丁目25-18
M000777,高橋 誠,1964-04-26,男性,090-5707-1660,東京都杉並区高円寺4丁目2-3
M000778,山本 美咲,1981-07-14,女性,090-8413-9832,神奈川県横浜市青葉区たまプラーザ2丁目15-4
M000779,中村 遥,1964-04-23,女性,090-6111-4214,神奈川県横浜市青葉区市ケ尾2丁目24-7
M000780,木村 恵,1976-08-23,女性,090-9722-6422,東京都杉並区荻窪1丁目20-17
M000781,山田 浩二,1973-04-01,男性,090-4668-7483,千葉県船橋市習志野台3丁目15-9
M000782,加藤 隆,2000-10-18,男性,090-2272-6544,埼玉県川口市戸塚5丁目17-6
M000783,吉田 由美,1976-11-10,女性,090-7292-3603,神奈川県横浜市青葉区市ケ尾1丁目13-6
M000784,中村 翔太,1994-05-08,男性,090-3054-6437,神奈川県横浜市青葉区市ケ尾5丁目5-15
M000785,田中 彩,1990-09-25,女性,090-3504-1230,千葉県船橋市本町2丁目15-7
M000786,佐々木 隆,1992-07-07,男性,090-3200-5726,埼玉県川口市並木4丁目21-18
M000787,渡辺 彩,1991-05-10,女性,090-8325-8852,東京都大田区田園調布1丁目28-13
M000788,小林 由美,2006-10-28,女性,090-1522-2137,東京都大田区蒲田3丁目3-9
M000789,鈴木 誠,2000-07-05,男性,090-5311-1279,神奈川県川崎市宮前区宮崎4丁目22-15
M000790,松本 麻衣,1976-06-02,女性,090-5395-9588,東京都世田谷区経堂2丁目18-8
M000791,佐藤 さくら,1985-06-24,女性,090-7104-2089,東京都世田谷区経堂3丁目15-13
M000792,高橋 恵,1968-06-06,女性,090-2393-5763,東京都大田区蒲田2丁目7-14
M000793,伊藤 直樹,1989-07-15,男性,090-4371-3912,埼玉県川口市芝3丁目21-10
M000794,佐々木 大輔,1981-10-01,男性,090-9867-8334,神奈川県川崎市宮前区宮崎2丁目23-5
M000795,渡辺 亮,1966-05-23,男性,090-6503-3698,東京都杉並区阿佐谷5丁目18-2
M000796,田中 翔太,1997-01-13,男性,090-4533-2892,千葉県船橋市本町1丁目27-4
M000797,佐々木 大輔,1991-03-19,男性,090-7013-3158,千葉県船橋市北習志野5丁目23-10
M000798,中村 麻衣,1969-09-14,女性,090-4600-9554,神奈川県藤沢市善行3丁目14-15
M000799,佐藤 大輔,1971-01-11,男性,090-7976-6619,神奈川県川崎市宮前区宮崎1丁目24-4
M000800,松本 愛,1973-10-16,女性,090-7275-8595,神奈川県藤沢市湘南台2丁目14-1
M000801,佐藤 彩,1985-08-11,女性,090-7358-1130,東京都八王子市北野1丁目1-6
M000802,加藤 浩二,1955-08-20,男性,090-7297-1309,東京都八王子市北野2丁目16-5
M000803,山田 陽子,1950-06-12,女性,090-3455-2279,埼玉県川口市並木3丁目5-5
M000804,井上 大輔,1985-02-07,男性,090-9735-3473,神奈川県川崎市宮前区宮崎5丁目18-15
M000805,吉田 麻衣,1990-04-12,女性,090-3491-4878,東京都世田谷区赤堤4丁目3-12
M000806,小林 直樹,2006-07-18,男性,090-2892-3589,神奈川県藤沢市善行4丁目15-12
M000807,渡辺 麻衣,1980-01-24,女性,090-4006-2039,東京都杉並区阿佐谷4丁目6-9
M000808,山田 隆,1998-02-09,男性,090-6369-5363,埼玉県さいたま市浦和区北浦和4丁目29-2
M000809,高橋 由美,1982-04-07,女性,090-9058-7903,埼玉県さいたま市浦和区岸町1丁目25-15
M000810,山本 麻衣,1985-03-20,女性,090-2976-6512,神奈川県川崎市宮前区鷺沼3丁目29-16
M000811,高橋 恵,1990-05-18,女性,090-3723-3949,東京都世田谷区赤堤4丁目29-14
M000812,田中 遥,1966-09-03,女性,090-6934-2445,神奈川県川崎市宮前区有馬3丁目21-15
M000813,木村 さくら,1964-01-16,女性,090-5049-5546,東京都世田谷区経堂2丁目6-12
M000814,鈴木 彩,1997-03-20,女性,090-7372-8944,東京都杉並区荻窪4丁目28-17
M000815,鈴木 遥,1965-07-09,女性,090-8061-8356,東京都杉並区高円寺4丁目18-16
M000816,小林 大輔,2002-11-13,男性,090-6240-9212,東京都大田区大森2丁目3-10
M000817,吉田 由美,1977-01-08,女性,090-9981-4500,神奈川県横浜市青葉区市ケ尾1丁目3-2
M000818,鈴木 愛,1979-10-27,女性,090-8442-4230,東京都世田谷区上北沢3丁目18-15
M000819,山本 麻衣,1995-11-14,女性,090-6949-3730,埼玉県さいたま市浦和区岸町2丁目3-8
M000820,鈴木 麻衣,1984-07-25,女性,090-7385-7432,東京都杉並区阿佐谷3丁目21-17
M000821,渡辺 大輔,1989-07-10,男性,090-6208-3834,東京都八王子市北野4丁目29-8
M000822,高橋 大輔,1979-07-02,男性,090-8548-2398,千葉県船橋市北習志野3丁目25-18
M000823,高橋 浩二,1995-11-21,男性,090-6347-1552,神奈川県藤沢市善行3丁目18-11
M000824,松本 由美,1975-02-26,女性,090-1127-8732,東京都世田谷区経堂5丁目29-17
M000825,渡辺 陽子,1992-05-22,女性,090-2194-4870,埼玉県さいたま市浦和区岸町5丁目26-6
M000826,伊藤 さくら,1970-02-07,女性,090-8036-1398,神奈川県川崎市宮前区宮崎2丁目3-13
M000827,田中 さくら,1983-04-08,女性,090-6681-3654,埼玉県川口市戸塚2丁目9-10
M000828,加藤 隆,1990-06-03,男性,090-3397-5878,東京都大田区蒲田5丁目15-1
M000829,伊藤 健一,1969-08-20,男性,090-6446-7382,埼玉県さいたま市浦和区北浦和4丁目24-18
M000830,田中 大輔,1990-01-15,男性,090-2853-9911,神奈川県横浜市青葉区たまプラーザ2丁目9-9
M000831,伊藤 由美,1984-05-19,女性,090-4444-4490,千葉県船橋市北習志野5丁目27-5
M000832,佐藤 さくら,1953-06-07,女性,090-8014-8445,千葉県市川市行徳1丁目29-15
M000833,佐々木 麻衣,1972-07-18,女性,090-7621-6414,東京都世田谷区経堂1丁目4-19
M000834,小林 聡,1953-08-20,男性,090-3119-9234,埼玉県さいたま市浦和区北浦和3丁目14-1
M000835,吉田 愛,1970-08-08,女性,090-6740-3297,埼玉県さいたま市浦和区北浦和2丁目8-14
M000836,渡辺 拓也,1978-12-22,男性,090-8986-2580,埼玉県川口市戸塚2丁目1-17
M000837,佐々木 大輔,1970-11-06,男性,090-7990-5675,千葉県船橋市本町4丁目12-5
M000838,松本 由美,1983-08-03,女性,090-7377-4370,東京都杉並区荻窪2丁目10-13
M000839,高橋 陽子,1984-06-25,女性,090-5615-9296,神奈川県横浜市青葉区市ケ尾5丁目19-5
M000840,小林 浩二,2004-07-12,男性,090-9095-3492,千葉県船橋市習志野台2丁目7-1
M000841,伊藤 彩,1991-12-06,女性,090-2797-6001,埼玉県川口市並木3丁目25-9
M000842,高橋 大輔,2006-04-05,男性,090-5154-6596,千葉県船橋市本町2丁目17-16
M000843,松本 誠,1964-08-03,男性,090-3438-5725,埼玉県さいたま市浦和区常盤5丁目6-1
M000844,田中 麻衣,1987-10-27,女性,090-4393-6128,東京都世田谷区赤堤1丁目27-19
M000845,中村 杏,1987-03-14,女性,090-1175-9735,神奈川県藤沢市善行3丁目25-12
M000846,佐藤 さくら,1963-12-07,女性,090-6738-2561,神奈川県横浜市青葉区市ケ尾1丁目26-2
M000847,佐々木 浩二,1992-12-14,男性,090-5338-6697,神奈川県横浜市青葉区市ケ尾5丁目12-17
M000848,松本 美咲,1997-02-01,女性,090-6206-3011,東京都杉並区阿佐谷4丁目5-10
M000849,佐々木 大輔,1961-12-27,男性,090-4434-1293,埼玉県川口市戸塚4丁目17-4
M000850,高橋 杏,1983-01-21,女性,090-1565-4687,東京都大田区大森2丁目6-5
M000851,山本 愛,1983-06-14,女性,090-5464-1330,東京都世田谷区経堂5丁目14-13
M000852,木村 亮,1969-07-03,男性,090-1221-2825,東京都大田区田園調布4丁目25-3
M000853,井上 翔太,1992-05-17,男性,090-5147-7386,千葉県船橋市本町1丁目12-14
M000854,鈴木 陽子,1965-04-16,女性,090-7615-8989,神奈川県横浜市青葉区美しが丘5丁目1-4
M000855,井上 大輔,1979-05-22,男性,090-7556-7838,神奈川県藤沢市善行1丁目2-16
M000856,松本 聡,1966-11-16,男性,090-4871-1764,千葉県船橋市本町3丁目28-17
M000857,吉田 誠,1970-05-01,男性,090-2669-7839,千葉県市川市国府台5丁目3-8
M000858,山田 翔太,1981-07-05,男性,090-6125-7470,神奈川県横浜市青葉区市ケ尾2丁目8-16
M000859,高橋 亮,1985-03-12,男性,090-9615-3093,東京都八王子市南大沢5丁目1-19
M000860,加藤 彩,2004-04-26,女性,090-5785-5709,東京都大田区大森5丁目5-9
M000861,渡辺 健一,1967-07-10,男性,090-8301-4079,千葉県市川市八幡1丁目20-8
M000862,鈴木 恵,1971-02-13,女性,090-1647-9192,埼玉県さいたま市浦和区常盤4丁目14-5
M000863,木村 亮,2004-12-11,男性,090-2272-4002,千葉県市川市国府台4丁目18-17
M000864,山本 拓也,1977-11-15,男性,090-1057-1576,神奈川県横浜市青葉区美しが丘2丁目28-14
M000865,田中 聡,1977-06-05,男性,090-3227-6153,東京都大田区田園調布5丁目25-2
M000866,田中 麻衣,1993-09-26,女性,090-3183-3468,千葉県市川市行徳5丁目19-17
M000867,小林 陽子,2006-09-01,女性,090-9303-6963,東京都杉並区阿佐谷4丁目18-16
M000868,高橋 さくら,1981-07-22,女性,090-3038-3703,千葉県船橋市北習志野3丁目9-17
M000869,松本 陽子,1994-07-06,女性,090-2964-2620,東京都世田谷区経堂4丁目14-6
M000870,佐藤 翔太,1958-10-02,男性,090-9466-6463,千葉県船橋市習志野台4丁目14-2
M000871,伊藤 健一,1975-01-03,男性,090-8708-2044,埼玉県さいたま市浦和区北浦和1丁目5-14
M000872,小林 さくら,1975-05-07,女性,090-4578-1424,埼玉県さいたま市浦和区岸町5丁目20-15
M000873,吉田 翔太,1970-12-18,男性,090-3881-9536,東京都八王子市南大沢4丁目5-12
M000874,小林 亮,1972-09-18,男性,090-8416-6172,東京都杉並区阿佐谷1丁目25-8
M000875,井上 隆,1993-09-22,男性,090-4274-9428,千葉県船橋市本町1丁目19-7
M000876,山本 聡,2006-04-25,男性,090-4615-7735,神奈川県横浜市青葉区たまプラーザ5丁目25-10
M000877,山本 翔太,1999-02-18,男性,090-9317-5633,千葉県船橋市本町2丁目22-1
M000878,吉田 愛,2006-10-25,女性,090-9059-5532,東京都八王子市北野4丁目14-8
M000879,田中 恵,1983-09-09,女性,090-7014-3854,東京都世田谷区経堂2丁目14-11
M000880,加藤 浩二,1993-03-09,男性,090-7724-2175,千葉県市川市国府台5丁目12-3
M000881,佐藤 遥,1984-11-09,女性,090-1658-6015,埼玉県川口市戸塚1丁目16-6
M000882,佐々木 陽子,2006-02-21,女性,090-5670-3247,東京都世田谷区上北沢3丁目28-4
M000883,中村 健一,1962-07-24,男性,090-7496-8698,千葉県船橋市本町4丁目4-1
M000884,佐藤 陽子,1990-04-21,女性,090-6903-3635,東京都世田谷区上北沢1丁目22-13
M000885,小林 恵,1968-08-06,女性,090-5485-1643,神奈川県横浜市青葉区市ケ尾3丁目1-12
M000886,吉田 由美,1986-03-10,女性,090-6512-4114,神奈川県横浜市青葉区市ケ尾4丁目8-7
M000887,木村 麻衣,1993-10-07,女性,090-5221-8955,東京都大田区田園調布2丁目19-12
M000888,田中 恵,2001-11-14,女性,090-4552-2359,東京都世田谷区上北沢5丁目6-7
M000889,田中 麻衣,1998-09-18,女性,090-6362-2450,東京都世田谷区経堂1丁目10-17
M000890,山田 誠,1955-08-14,男性,090-7573-1906,神奈川県川崎市宮前区鷺沼1丁目6-1
M000891,佐藤 麻衣,1967-04-23,女性,090-1095-4807,東京都杉並区高円寺5丁目8-13
M000892,山本 誠,1988-11-09,男性,090-8026-5878,東京都杉並区荻窪4丁目22-11
M000893,田中 大輔,2004-02-27,男性,090-8896-4832,東京都世田谷区赤堤4丁目8-2
M000894,渡辺 浩二,2000-08-17,男性,090-5087-9525,東京都大田区田園調布5丁目23-19
M000895,山本 隆,1962-06-19,男性,090-5317-2327,千葉県船橋市北習志野2丁目8-17
M000896,田中 直樹,2006-05-18,男性,090-4955-6386,東京都世田谷区経堂4丁目13-16
M000897,佐々木 さくら,1972-05-01,女性,090-2928-4362,東京都世田谷区経堂4丁目28-2
M000898,高橋 由美,1972-12-19,女性,090-4395-9075,神奈川県藤沢市湘南台2丁目19-10
M000899,小林 大輔,1984-12-03,男性,090-8082-6134,千葉県市川市行徳3丁目9-16
M000900,渡辺 陽子,1961-07-22,女性,090-4647-8970,神奈川県藤沢市湘南台3丁目4-17
