会員ID,氏名,生年月日,性別,郵便番号,住所,携帯電話番号,電子メールアドレス,クレジットカード番号
M000001,松本 直樹,1991-11-09,男性,192-0000,東京都八王子市3丁目7-18,080-8643-3829,m000001@example.com,4321469208498442
M000002,高橋 愛,1977-12-19,女性,166-0000,東京都杉並区3丁目5-1,080-2396-9995,m000002@example.com,4484765306802001
M000003,中村 直樹,1981-06-10,男性,192-0000,東京都八王子市5丁目1-3,080-4489-2757,m000003@example.com,4242652328741924
M000004,山口 大輔,2007-02-04,男性,154-0000,東京都世田谷区5丁目24-4,080-9537-6952,m000004@example.com,4533900411310036
M000005,高橋 愛,1986-12-01,女性,166-0000,東京都杉並区4丁目25-17,080-3231-1081,m000005@example.com,4044847484025951
M000006,田中 亮,1959-06-01,男性,225-0000,神奈川県横浜市青葉区2丁目23-1,080-8818-3672,m000006@example.com,4042320099473463
M000007,井上 千夏,2000-03-11,女性,225-0000,神奈川県横浜市青葉区3丁目26-14,080-7586-1254,m000007@example.com,4565510663176142
M000008,井上 さくら,1966-11-11,女性,176-0000,東京都練馬区4丁目7-8,080-7456-3424,m000008@example.com,4483736797777235
M000009,井上 麻衣,2008-02-16,女性,330-0000,埼玉県さいたま市浦和区2丁目5-2,080-1431-5289,m000009@example.com,4426468387473452
M000010,井上 洋平,1976-04-13,男性,192-0000,東京都八王子市5丁目5-8,090-3855-5960,m000010@example.com,4312494078962123
M000011,佐々木 麻衣,1961-02-17,女性,225-0000,神奈川県横浜市青葉区2丁目13-3,090-7855-1067,m000011@example.com,4440220593328446
M000012,松本 亮,2008-09-23,男性,216-0000,神奈川県川崎市宮前区2丁目3-2,080-8901-2872,m000012@example.com,4257205522937526
M000013,松本 美咲,1964-10-04,女性,359-0000,埼玉県所沢市2丁目11-7,090-3686-9585,m000013@example.com,4884480389764909
M000014,山本 愛,1985-10-13,女性,132-0000,東京都江戸川区2丁目29-8,090-2612-9127,m000014@example.com,4072300228273972
M000015,井上 美咲,1977-04-11,女性,166-0000,東京都杉並区5丁目29-3,090-2625-8327,m000015@example.com,4305201453853032
M000016,山本 彩,1965-07-18,女性,216-0000,神奈川県川崎市宮前区5丁目29-11,080-3191-8045,m000016@example.com,4065032000306449
M000017,田中 隆,2007-12-09,男性,154-0000,東京都世田谷区3丁目22-13,090-2642-7418,m000017@example.com,4355733308191122
M000018,山口 拓也,1964-06-21,男性,216-0000,神奈川県川崎市宮前区1丁目13-6,090-6665-4423,m000018@example.com,4843951378831570
M000019,渡辺 麻衣,1989-11-25,女性,176-0000,東京都練馬区3丁目2-13,080-4476-6531,m000019@example.com,4526175208125825
M000020,高橋 陽子,1983-07-04,女性,154-0000,東京都世田谷区5丁目21-16,080-2493-2786,m000020@example.com,4355226358869060
M000021,渡辺 陽子,2006-01-15,女性,277-0000,千葉県柏市3丁目11-18,090-4337-2044,m000021@example.com,4337417956185367
M000022,高橋 千夏,1968-11-15,女性,277-0000,千葉県柏市2丁目7-13,080-5681-1614,m000022@example.com,4203799139780680
M000023,山口 誠,2008-06-21,男性,176-0000,東京都練馬区3丁目14-10,090-7847-8675,m000023@example.com,4363221911410706
M000024,吉田 彩,2008-09-07,女性,225-0000,神奈川県横浜市青葉区1丁目14-10,090-2038-6352,m000024@example.com,4557032674591650
M000025,吉田 千夏,1993-08-03,女性,166-0000,東京都杉並区3丁目11-9,090-4553-9719,m000025@example.com,4196755947432263
M000026,山田 亮,1981-10-04,男性,359-0000,埼玉県所沢市3丁目17-6,080-8870-7758,m000026@example.com,4515146404932337
M000027,加藤 誠,1982-12-14,男性,330-0000,埼玉県さいたま市浦和区1丁目15-15,090-4515-9614,m000027@example.com,4058669790131414
M000028,井上 彩,1978-05-14,女性,192-0000,東京都八王子市4丁目16-2,090-5994-3746,m000028@example.com,4812275131269660
M000029,田中 恵,1974-10-26,女性,251-0000,神奈川県藤沢市3丁目28-9,080-7110-2474,m000029@example.com,4935951362724544
M000030,松本 香織,1965-06-11,女性,251-0000,神奈川県藤沢市1丁目28-4,090-6599-1357,m000030@example.com,4403157658857570
M000031,加藤 美咲,1969-03-28,女性,273-0000,千葉県船橋市3丁目16-16,080-8012-4985,m000031@example.com,4021218572625263
M000032,渡辺 香織,1986-07-29,女性,154-0000,東京都世田谷区2丁目9-3,080-1971-7514,m000032@example.com,4618632518999102
M000033,渡辺 恵,1999-10-28,女性,166-0000,東京都杉並区1丁目11-17,080-1740-3616,m000033@example.com,4276128335124182
M000034,鈴木 健一,1981-09-05,男性,192-0000,東京都八王子市2丁目28-2,090-9359-2180,m000034@example.com,4846356287737916
M000035,高橋 亮,1974-04-02,男性,132-0000,東京都江戸川区5丁目25-2,090-2268-7964,m000035@example.com,4161420129740879
M000036,佐藤 直樹,1993-07-03,男性,154-0000,東京都世田谷区2丁目14-2,090-8252-1779,m000036@example.com,4582600063153189
M000037,小林 隆,1983-06-21,男性,225-0000,神奈川県横浜市青葉区3丁目8-16,080-4330-2350,m000037@example.com,4729465915771092
M000038,鈴木 隆,1982-04-13,男性,332-0000,埼玉県川口市1丁目9-4,090-2861-7811,m000038@example.com,4538289362075456
M000039,小林 誠,2004-01-30,男性,166-0000,東京都杉並区5丁目13-14,090-9022-7030,m000039@example.com,4714947062562017
M000040,田中 恵,1966-04-19,女性,332-0000,埼玉県川口市2丁目18-7,090-5390-2145,m000040@example.com,4898462738788618
M000041,松本 大輔,1959-12-24,男性,225-0000,神奈川県横浜市青葉区5丁目1-14,080-2613-7320,m000041@example.com,4582722056039967
M000042,山本 直樹,1957-01-11,男性,332-0000,埼玉県川口市1丁目23-17,090-5853-6496,m000042@example.com,4623036953763703
M000043,鈴木 直樹,1977-07-01,男性,216-0000,神奈川県川崎市宮前区4丁目22-11,080-1561-9726,m000043@example.com,4776352623124212
M000044,鈴木 美咲,1978-12-29,女性,251-0000,神奈川県藤沢市1丁目27-16,080-1584-1051,m000044@example.com,4262293279792433
M000045,井上 健一,1988-03-31,男性,251-0000,神奈川県藤沢市4丁目27-18,080-1783-4248,m000045@example.com,4115658963141390
M000046,加藤 千夏,1955-08-23,女性,144-0000,東京都大田区3丁目20-11,090-2872-8396,m000046@example.com,4425947135766075
M000047,松本 彩,2000-04-07,女性,225-0000,神奈川県横浜市青葉区5丁目13-17,090-3048-1201,m000047@example.com,4952458534457500
M000048,加藤 由美,1980-07-01,女性,273-0000,千葉県船橋市3丁目25-2,090-3634-5205,m000048@example.com,4273677970614028
M000049,佐々木 香織,1977-02-01,女性,176-0000,東京都練馬区2丁目25-14,080-7639-1840,m000049@example.com,4646473937357920
M000050,吉田 健一,1959-11-21,男性,176-0000,東京都練馬区1丁目26-9,090-2404-4796,m000050@example.com,4709117117138773
M000051,小林 恵,2001-03-20,女性,166-0000,東京都杉並区2丁目9-12,080-1013-9843,m000051@example.com,4730436292933224
M000052,佐々木 恵,1980-09-25,女性,332-0000,埼玉県川口市2丁目27-14,090-9085-4525,m000052@example.com,4115268030118054
M000053,中村 陽子,1994-04-24,女性,176-0000,東京都練馬区1丁目6-19,080-9965-3806,m000053@example.com,4101286954736042
M000054,中村 彩,1974-12-15,女性,225-0000,神奈川県横浜市青葉区5丁目14-18,090-1862-5991,m000054@example.com,4881166923797723
M000055,渡辺 和也,1959-01-14,男性,216-0000,神奈川県川崎市宮前区2丁目17-10,080-7132-9336,m000055@example.com,4851963915715458
M000056,佐藤 美咲,1987-03-07,女性,273-0000,千葉県船橋市5丁目23-7,080-2293-6061,m000056@example.com,4376550360081989
M000057,鈴木 拓也,1965-07-09,男性,225-0000,神奈川県横浜市青葉区1丁目12-4,080-9851-5592,m000057@example.com,4784170968278888
M000058,井上 美咲,1977-10-10,女性,166-0000,東京都杉並区1丁目6-12,090-6094-6810,m000058@example.com,4994737333973679
M000059,渡辺 直樹,1985-09-08,男性,132-0000,東京都江戸川区1丁目8-13,080-5007-2362,m000059@example.com,4604436121943908
M000060,中村 香織,1987-03-09,女性,272-0000,千葉県市川市3丁目15-2,080-1812-5952,m000060@example.com,4493278554344192
M000061,田中 彩,1978-09-27,女性,273-0000,千葉県船橋市5丁目6-11,090-4673-4563,m000061@example.com,4567985808229504
M000062,鈴木 美咲,1982-03-14,女性,144-0000,東京都大田区4丁目19-9,080-2382-2514,m000062@example.com,4629475756684095
M000063,佐藤 拓也,1980-03-12,男性,192-0000,東京都八王子市4丁目17-3,080-2408-6758,m000063@example.com,4024164441802152
M000064,佐々木 愛,1988-05-16,女性,332-0000,埼玉県川口市4丁目2-19,090-7898-6329,m000064@example.com,4399120571269179
M000065,伊藤 美咲,2001-10-20,女性,225-0000,神奈川県横浜市青葉区1丁目19-4,080-1144-2773,m000065@example.com,4417878309732037
M000066,渡辺 美咲,1985-04-02,女性,166-0000,東京都杉並区3丁目5-18,090-5715-2063,m000066@example.com,4435764742787402
M000067,佐々木 大輔,1985-02-13,男性,273-0000,千葉県船橋市1丁目9-11,080-4997-8270,m000067@example.com,4348861486181780
M000068,鈴木 彩,1992-08-02,女性,251-0000,神奈川県藤沢市1丁目21-7,090-6113-9468,m000068@example.com,4841703650234807
M000069,吉田 誠,2008-08-03,男性,332-0000,埼玉県川口市4丁目24-18,090-5021-9698,m000069@example.com,4595103042657259
M000070,高橋 美咲,1999-04-23,女性,272-0000,千葉県市川市2丁目9-5,080-4058-6626,m000070@example.com,4425276169273114
M000071,佐々木 麻衣,1977-02-06,女性,144-0000,東京都大田区4丁目6-3,080-3985-5501,m000071@example.com,4355272179210860
M000072,佐藤 さくら,1980-08-02,女性,154-0000,東京都世田谷区3丁目15-10,090-8244-7339,m000072@example.com,4248126873838169
M000073,田中 彩,1981-07-19,女性,144-0000,東京都大田区2丁目17-17,080-2759-1350,m000073@example.com,4348730679755883
M000074,佐藤 陽子,1978-03-04,女性,132-0000,東京都江戸川区1丁目10-16,080-2291-1016,m000074@example.com,4199392316357689
M000075,渡辺 和也,1967-11-18,男性,166-0000,東京都杉並区5丁目2-3,090-6931-7739,m000075@example.com,4420906533146782
M000076,松本 翔太,1964-05-28,男性,216-0000,神奈川県川崎市宮前区2丁目6-12,090-9019-5220,m000076@example.com,4224060486992688
M000077,鈴木 恵,1973-07-23,女性,251-0000,神奈川県藤沢市3丁目17-5,080-7959-6496,m000077@example.com,4845599868935182
M000078,山口 誠,1965-07-22,男性,132-0000,東京都江戸川区5丁目19-13,080-6824-3432,m000078@example.com,4483426025196963
M000079,中村 さくら,1995-10-20,女性,144-0000,東京都大田区3丁目22-14,090-4626-5495,m000079@example.com,4567131649794289
M000080,田中 拓也,2000-08-20,男性,166-0000,東京都杉並区3丁目19-5,080-2277-3597,m000080@example.com,4952981384799279
M000081,中村 美咲,1982-07-09,女性,144-0000,東京都大田区1丁目5-4,090-4695-4304,m000081@example.com,4546593314372887
M000082,山田 美咲,1983-10-16,女性,251-0000,神奈川県藤沢市5丁目14-17,080-2214-9675,m000082@example.com,4746244475034463
M000083,田中 和也,1990-05-19,男性,330-0000,埼玉県さいたま市浦和区3丁目29-13,090-2170-3947,m000083@example.com,4883759137270703
M000084,佐々木 麻衣,1966-12-27,女性,330-0000,埼玉県さいたま市浦和区4丁目8-1,090-4281-5976,m000084@example.com,4740137503242873
M000085,高橋 由美,1990-11-17,女性,154-0000,東京都世田谷区2丁目15-19,090-7952-7589,m000085@example.com,4735785830483875
M000086,佐々木 和也,1982-03-19,男性,176-0000,東京都練馬区3丁目17-13,080-5789-5923,m000086@example.com,4961839521365090
M000087,鈴木 美咲,1987-11-08,女性,176-0000,東京都練馬区3丁目17-10,080-8844-9470,m000087@example.com,4405410552137057
M000088,山田 愛,1970-11-21,女性,144-0000,東京都大田区3丁目10-9,080-9492-3706,m000088@example.com,4456437160997329
M000089,吉田 美咲,1968-12-15,女性,154-0000,東京都世田谷区3丁目10-10,090-1677-6763,m000089@example.com,4754162702680641
M000090,中村 大輔,1968-02-13,男性,154-0000,東京都世田谷区1丁目17-3,090-3718-4636,m000090@example.com,4674128588582575
M000091,井上 亮,1974-04-18,男性,272-0000,千葉県市川市4丁目29-11,090-1877-5324,m000091@example.com,4004493012880358
M000092,吉田 陽子,1986-08-06,女性,216-0000,神奈川県川崎市宮前区4丁目9-17,090-2518-9978,m000092@example.com,4968256262103557
M000093,鈴木 大輔,1958-06-27,男性,192-0000,東京都八王子市4丁目27-10,090-6330-9274,m000093@example.com,4836581274139392
M000094,山田 誠,1942-07-08,男性,359-0000,埼玉県所沢市2丁目27-3,080-7445-9658,m000094@example.com,4833158284850068
M000095,鈴木 直樹,1963-01-18,男性,176-0000,東京都練馬区3丁目26-13,090-8327-4730,m000095@example.com,4012736179749639
M000096,小林 和也,1990-12-26,男性,251-0000,神奈川県藤沢市2丁目25-7,090-4387-5936,m000096@example.com,4566029521573144
M000097,山田 直樹,1978-08-15,男性,144-0000,東京都大田区4丁目12-9,090-6053-7833,m000097@example.com,4743552420440783
M000098,吉田 愛,1963-08-06,女性,154-0000,東京都世田谷区3丁目11-12,090-3310-7032,m000098@example.com,4444089454635994
M000099,中村 陽子,2005-04-25,女性,216-0000,神奈川県川崎市宮前区5丁目12-13,080-7409-6243,m000099@example.com,4461782935486486
M000100,松本 美咲,1975-06-21,女性,277-0000,千葉県柏市1丁目12-2,080-2887-7267,m000100@example.com,4783469653859529
M000101,伊藤 直樹,1991-08-04,男性,176-0000,東京都練馬区1丁目28-16,090-5361-4569,m000101@example.com,4403192909041677
M000102,鈴木 さくら,1974-08-11,女性,225-0000,神奈川県横浜市青葉区5丁目8-19,090-6174-9772,m000102@example.com,4508939968783069
M000103,小林 陽子,1965-12-21,女性,132-0000,東京都江戸川区3丁目8-12,090-5062-2113,m000103@example.com,4144404582492509
M000104,松本 翔太,1981-01-15,男性,330-0000,埼玉県さいたま市浦和区3丁目23-1,080-3056-1116,m000104@example.com,4135542468199556
M000105,井上 美咲,1989-05-10,女性,192-0000,東京都八王子市5丁目12-14,090-6720-7323,m000105@example.com,4267738162051203
M000106,小林 大輔,1999-04-15,男性,277-0000,千葉県柏市4丁目17-16,090-2134-8395,m000106@example.com,4995423672528158
M000107,山田 誠,1959-04-17,男性,154-0000,東京都世田谷区4丁目21-1,090-1754-6493,m000107@example.com,4875482863059881
M000108,小林 陽子,1989-09-05,女性,332-0000,埼玉県川口市1丁目11-7,080-7768-9518,m000108@example.com,4132300076551439
M000109,山田 愛,1967-08-22,女性,277-0000,千葉県柏市3丁目28-6,080-2337-6336,m000109@example.com,4383735409164084
M000110,松本 洋平,1971-08-07,男性,332-0000,埼玉県川口市3丁目25-15,090-2985-2165,m000110@example.com,4545889135249374
M000111,井上 健一,1980-01-18,男性,277-0000,千葉県柏市1丁目13-14,080-3201-8571,m000111@example.com,4300344264805665
M000112,松本 美咲,1993-02-08,女性,132-0000,東京都江戸川区1丁目4-10,080-1703-9186,m000112@example.com,4592932754664335
M000113,中村 麻衣,1979-01-16,女性,154-0000,東京都世田谷区3丁目25-11,090-2451-2612,m000113@example.com,4258629346947794
M000114,松本 翔太,1974-01-29,男性,330-0000,埼玉県さいたま市浦和区5丁目12-5,090-5973-2128,m000114@example.com,4364508362794258
M000115,伊藤 愛,1979-03-06,女性,166-0000,東京都杉並区3丁目28-16,090-9411-3654,m000115@example.com,4023812207318312
M000116,加藤 和也,1983-05-22,男性,216-0000,神奈川県川崎市宮前区3丁目7-9,090-9822-8115,m000116@example.com,4972004031430029
M000117,渡辺 千夏,1984-10-04,女性,166-0000,東京都杉並区1丁目8-1,080-4064-6689,m000117@example.com,4815855596965445
M000118,山本 美咲,1978-10-05,女性,332-0000,埼玉県川口市2丁目27-14,080-8694-7040,m000118@example.com,4785225353446468
M000119,松本 愛,1971-12-23,女性,132-0000,東京都江戸川区1丁目10-15,090-8868-5193,m000119@example.com,4765410630004088
M000120,中村 和也,1977-04-08,男性,144-0000,東京都大田区2丁目2-3,080-8021-3304,m000120@example.com,4290351387597229
M000121,田中 直樹,2007-12-24,男性,277-0000,千葉県柏市1丁目8-17,090-1582-9244,m000121@example.com,4361359298526304
M000122,中村 香織,1983-02-10,女性,273-0000,千葉県船橋市1丁目22-6,090-7459-1297,m000122@example.com,4828855987062644
M000123,佐々木 直樹,1968-01-20,男性,154-0000,東京都世田谷区4丁目5-16,080-1505-8466,m000123@example.com,4129896779731168
M000124,高橋 麻衣,1966-08-20,女性,272-0000,千葉県市川市1丁目3-1,090-2551-6276,m000124@example.com,4925739864584204
M000125,高橋 麻衣,1992-07-30,女性,216-0000,神奈川県川崎市宮前区4丁目17-11,080-9056-8341,m000125@example.com,4005361068834908
M000126,山口 和也,1990-04-05,男性,272-0000,千葉県市川市2丁目21-4,090-4867-9106,m000126@example.com,4070886328707852
M000127,井上 誠,1975-10-21,男性,332-0000,埼玉県川口市3丁目14-9,090-2710-5175,m000127@example.com,4734768671676580
M000128,井上 和也,1970-08-08,男性,273-0000,千葉県船橋市5丁目11-12,090-3094-1255,m000128@example.com,4205490248341660
M000129,松本 恵,1963-11-09,女性,216-0000,神奈川県川崎市宮前区2丁目16-7,090-3246-5302,m000129@example.com,4430804905906797
M000130,吉田 さくら,2003-12-26,女性,251-0000,神奈川県藤沢市2丁目1-3,090-1488-8865,m000130@example.com,4321790285461229
M000131,中村 洋平,1958-10-07,男性,273-0000,千葉県船橋市5丁目4-14,080-6252-9095,m000131@example.com,4495537770993007
M000132,山田 亮,1965-10-30,男性,166-0000,東京都杉並区2丁目1-15,090-8798-8384,m000132@example.com,4895359545450363
M000133,松本 亮,1973-04-19,男性,154-0000,東京都世田谷区1丁目19-15,090-1459-8690,m000133@example.com,4057502861583539
M000134,山口 隆,1974-09-19,男性,251-0000,神奈川県藤沢市1丁目7-18,090-8444-4556,m000134@example.com,4025837595485461
M000135,中村 陽子,1970-02-12,女性,330-0000,埼玉県さいたま市浦和区5丁目20-3,090-2655-2455,m000135@example.com,4564102794466674
M000136,佐々木 陽子,1965-04-09,女性,359-0000,埼玉県所沢市1丁目3-16,080-2062-4922,m000136@example.com,4184721454739703
M000137,佐々木 麻衣,2008-02-09,女性,225-0000,神奈川県横浜市青葉区4丁目13-10,090-1416-8017,m000137@example.com,4477348346978179
M000138,山本 翔太,2001-07-11,男性,154-0000,東京都世田谷区1丁目29-3,090-6864-5747,m000138@example.com,4252467869763702
M000139,吉田 亮,1984-01-05,男性,216-0000,神奈川県川崎市宮前区5丁目26-19,090-6972-4066,m000139@example.com,4988740306512133
M000140,渡辺 千夏,1973-04-10,女性,176-0000,東京都練馬区4丁目1-7,090-9152-3495,m000140@example.com,4866544181327673
M000141,小林 由美,1966-09-06,女性,132-0000,東京都江戸川区5丁目27-10,080-1136-4000,m000141@example.com,4969557095421353
M000142,加藤 陽子,1989-12-27,女性,251-0000,神奈川県藤沢市2丁目6-7,080-8995-5535,m000142@example.com,4167210503450897
M000143,山本 誠,1979-09-08,男性,216-0000,神奈川県川崎市宮前区4丁目21-17,090-4518-6931,m000143@example.com,4696508765238838
M000144,伊藤 拓也,1967-08-08,男性,176-0000,東京都練馬区5丁目16-9,090-6969-9659,m000144@example.com,4515824708349654
M000145,小林 千夏,1988-02-09,女性,273-0000,千葉県船橋市1丁目11-10,080-5672-5490,m000145@example.com,4384690396451109
M000146,田中 愛,1990-07-12,女性,273-0000,千葉県船橋市2丁目11-9,080-8605-9375,m000146@example.com,4500925578963893
M000147,渡辺 愛,1995-10-03,女性,144-0000,東京都大田区4丁目21-8,080-3081-3870,m000147@example.com,4267270303792002
M000148,山口 彩,1994-11-19,女性,154-0000,東京都世田谷区5丁目24-4,080-3286-5809,m000148@example.com,4537567607273394
M000149,加藤 由美,1991-02-05,女性,332-0000,埼玉県川口市5丁目17-8,090-1415-9167,m000149@example.com,4864987233119513
M000150,中村 隆,1981-07-07,男性,144-0000,東京都大田区1丁目13-6,080-9643-4575,m000150@example.com,4009618354033975
M000151,松本 直樹,1980-01-18,男性,272-0000,千葉県市川市2丁目22-19,080-5328-3593,m000151@example.com,4118638895957316
M000152,佐々木 翔太,1952-12-21,男性,154-0000,東京都世田谷区4丁目12-19,090-3405-8920,m000152@example.com,4570677337724321
M000153,田中 恵,1957-04-02,女性,192-0000,東京都八王子市2丁目8-11,090-2652-1369,m000153@example.com,4982276055802492
M000154,佐藤 恵,1994-02-23,女性,277-0000,千葉県柏市5丁目6-10,090-8257-5096,m000154@example.com,4537734773778024
M000155,佐々木 香織,1982-12-07,女性,192-0000,東京都八王子市5丁目5-1,080-2262-6861,m000155@example.com,4572621774743820
M000156,伊藤 さくら,1991-09-12,女性,359-0000,埼玉県所沢市3丁目14-6,080-6481-7013,m000156@example.com,4471869586310279
M000157,田中 恵,1972-07-31,女性,330-0000,埼玉県さいたま市浦和区1丁目6-8,080-1320-7480,m000157@example.com,4968411142446390
M000158,加藤 和也,1997-11-21,男性,166-0000,東京都杉並区2丁目11-8,080-1126-6235,m000158@example.com,4013613160287711
M000159,伊藤 誠,1991-03-12,男性,330-0000,埼玉県さいたま市浦和区5丁目18-16,080-3075-7648,m000159@example.com,4286233417497494
M000160,伊藤 誠,1987-11-23,男性,225-0000,神奈川県横浜市青葉区5丁目4-13,080-2919-4971,m000160@example.com,4452673520112718
M000161,佐藤 誠,1983-06-28,男性,330-0000,埼玉県さいたま市浦和区2丁目8-19,090-6101-6222,m000161@example.com,4511891561527638
M000162,小林 健一,1981-02-03,男性,166-0000,東京都杉並区1丁目16-3,080-8361-6723,m000162@example.com,4525543767610548
M000163,田中 洋平,1986-03-04,男性,154-0000,東京都世田谷区2丁目26-4,090-4858-9291,m000163@example.com,4926508575089831
M000164,佐々木 由美,2008-02-13,女性,166-0000,東京都杉並区2丁目21-15,090-8074-6580,m000164@example.com,4611376552443153
M000165,井上 さくら,1978-10-25,女性,272-0000,千葉県市川市4丁目1-10,080-1395-9428,m000165@example.com,4839491084128685
M000166,松本 美咲,1971-12-02,女性,154-0000,東京都世田谷区4丁目6-6,090-3483-3230,m000166@example.com,4523090894001242
M000167,加藤 和也,1956-06-30,男性,225-0000,神奈川県横浜市青葉区1丁目4-8,080-2651-9089,m000167@example.com,4320448737657659
M000168,加藤 隆,1986-04-18,男性,132-0000,東京都江戸川区1丁目10-1,090-5922-6038,m000168@example.com,4858259789690847
M000169,松本 千夏,1981-03-07,女性,272-0000,千葉県市川市2丁目16-5,090-2632-7590,m000169@example.com,4173910633982808
M000170,鈴木 誠,1981-11-25,男性,277-0000,千葉県柏市1丁目15-14,090-4389-7227,m000170@example.com,4307175139557849
M000171,佐々木 隆,1967-09-02,男性,330-0000,埼玉県さいたま市浦和区2丁目21-3,080-9240-8181,m000171@example.com,4457588729228983
M000172,吉田 洋平,1966-03-22,男性,225-0000,神奈川県横浜市青葉区1丁目11-11,080-1796-9779,m000172@example.com,4781627913883964
M000173,小林 愛,1980-11-26,女性,132-0000,東京都江戸川区5丁目20-8,080-9063-8170,m000173@example.com,4037102758060351
M000174,井上 和也,2000-09-30,男性,251-0000,神奈川県藤沢市2丁目25-18,090-2635-4793,m000174@example.com,4640007700851303
M000175,中村 香織,1973-05-07,女性,272-0000,千葉県市川市5丁目3-5,090-5089-9905,m000175@example.com,4809182755684232
M000176,中村 さくら,1972-06-29,女性,166-0000,東京都杉並区3丁目11-13,080-2068-3853,m000176@example.com,4485354873509469
M000177,吉田 麻衣,1985-03-16,女性,154-0000,東京都世田谷区1丁目2-6,080-3023-4153,m000177@example.com,4517620489113384
M000178,佐藤 麻衣,1978-11-27,女性,225-0000,神奈川県横浜市青葉区1丁目14-6,090-5166-6332,m000178@example.com,4040797513001674
M000179,山本 千夏,1956-03-22,女性,272-0000,千葉県市川市3丁目22-10,080-2713-3858,m000179@example.com,4359186477350693
M000180,加藤 由美,1974-07-22,女性,273-0000,千葉県船橋市2丁目4-13,080-3885-8884,m000180@example.com,4049403182377443
M000181,小林 恵,1962-03-19,女性,273-0000,千葉県船橋市3丁目25-14,090-3561-8013,m000181@example.com,4815500827279415
M000182,山本 美咲,2002-12-20,女性,176-0000,東京都練馬区2丁目25-11,080-4548-5392,m000182@example.com,4554351548970234
M000183,吉田 美咲,1967-06-19,女性,166-0000,東京都杉並区3丁目14-6,090-5911-5437,m000183@example.com,4206692040358460
M000184,加藤 愛,1987-02-23,女性,154-0000,東京都世田谷区3丁目26-4,080-5666-1071,m000184@example.com,4273553813354630
M000185,高橋 和也,1963-05-16,男性,277-0000,千葉県柏市1丁目13-6,090-1310-6244,m000185@example.com,4085435086854194
M000186,渡辺 直樹,1985-04-22,男性,225-0000,神奈川県横浜市青葉区1丁目28-16,080-3229-4870,m000186@example.com,4244371847008424
M000187,小林 麻衣,1990-12-04,女性,192-0000,東京都八王子市4丁目21-13,080-2053-6833,m000187@example.com,4820320485665694
M000188,鈴木 陽子,1952-11-13,女性,225-0000,神奈川県横浜市青葉区3丁目17-5,090-8925-4955,m000188@example.com,4356156249716252
M000189,田中 由美,1975-05-19,女性,176-0000,東京都練馬区5丁目25-17,080-2861-6125,m000189@example.com,4750215480210743
M000190,松本 直樹,1978-07-23,男性,277-0000,千葉県柏市5丁目1-4,090-6048-7248,m000190@example.com,4365413746280113
M000191,松本 健一,1984-03-05,男性,332-0000,埼玉県川口市5丁目24-7,080-9621-4866,m000191@example.com,4790594493768675
M000192,小林 彩,1997-10-12,女性,132-0000,東京都江戸川区4丁目25-14,080-9226-3595,m000192@example.com,4137025027901192
M000193,佐々木 美咲,1981-04-18,女性,216-0000,神奈川県川崎市宮前区2丁目2-1,080-7133-9351,m000193@example.com,4980132409838650
M000194,井上 健一,1986-06-02,男性,273-0000,千葉県船橋市3丁目1-11,080-1685-1378,m000194@example.com,4622751001641341
M000195,山田 拓也,1961-12-30,男性,225-0000,神奈川県横浜市青葉区2丁目29-18,080-2175-7051,m000195@example.com,4906116628321132
M000196,鈴木 大輔,1999-04-21,男性,154-0000,東京都世田谷区3丁目21-11,080-3895-7681,m000196@example.com,4047415453395878
M000197,佐藤 愛,1986-07-23,女性,154-0000,東京都世田谷区4丁目4-6,080-8496-4185,m000197@example.com,4848969894870690
M000198,田中 健一,1981-02-07,男性,192-0000,東京都八王子市2丁目29-4,080-8719-1990,m000198@example.com,4748740033583135
M000199,中村 彩,1978-04-18,女性,216-0000,神奈川県川崎市宮前区3丁目27-10,090-2964-8885,m000199@example.com,4167079177374464
M000200,山田 恵,1982-12-08,女性,144-0000,東京都大田区4丁目2-13,080-1731-9312,m000200@example.com,4675206377553572
M000201,佐藤 健一,1995-07-26,男性,176-0000,東京都練馬区1丁目8-3,080-3694-3321,m000201@example.com,4997167971164445
M000202,山本 隆,1966-04-27,男性,192-0000,東京都八王子市4丁目16-8,090-4550-2089,m000202@example.com,4069335468317455
M000203,田中 直樹,1965-11-11,男性,330-0000,埼玉県さいたま市浦和区5丁目5-4,090-5880-8399,m000203@example.com,4951397208308932
M000204,伊藤 由美,1971-02-12,女性,216-0000,神奈川県川崎市宮前区1丁目14-18,080-4085-5223,m000204@example.com,4622051362264123
M000205,吉田 直樹,1994-11-18,男性,166-0000,東京都杉並区4丁目16-17,090-1645-3806,m000205@example.com,4269072821090062
M000206,田中 誠,1995-04-15,男性,154-0000,東京都世田谷区1丁目7-8,090-5140-5759,m000206@example.com,4362705734888432
M000207,高橋 誠,1979-04-29,男性,330-0000,埼玉県さいたま市浦和区1丁目26-10,090-6329-1552,m000207@example.com,4739111351507255
M000208,山口 麻衣,1967-08-26,女性,216-0000,神奈川県川崎市宮前区2丁目4-1,080-9892-9243,m000208@example.com,4398771522319534
M000209,井上 洋平,1965-04-20,男性,359-0000,埼玉県所沢市3丁目11-18,080-4945-5324,m000209@example.com,4017845998551018
M000210,佐々木 健一,1969-11-10,男性,176-0000,東京都練馬区5丁目9-9,080-4433-2985,m000210@example.com,4711090060315643
M000211,高橋 由美,1987-09-20,女性,144-0000,東京都大田区1丁目11-15,080-3671-1575,m000211@example.com,4816598548857667
M000212,伊藤 千夏,1979-04-08,女性,273-0000,千葉県船橋市5丁目6-9,080-4548-1336,m000212@example.com,4475456422624944
M000213,吉田 由美,1977-10-26,女性,176-0000,東京都練馬区2丁目22-15,080-6730-2061,m000213@example.com,4259055724771605
M000214,井上 恵,2000-07-09,女性,330-0000,埼玉県さいたま市浦和区2丁目16-1,090-2044-4730,m000214@example.com,4377339018948528
M000215,加藤 直樹,1968-03-29,男性,154-0000,東京都世田谷区1丁目18-19,080-5263-1851,m000215@example.com,4059883817603700
M000216,山口 洋平,1968-12-07,男性,154-0000,東京都世田谷区3丁目14-11,080-8368-9724,m000216@example.com,4087962900165262
M000217,小林 和也,1991-08-14,男性,176-0000,東京都練馬区1丁目14-15,090-5104-4880,m000217@example.com,4584045570827285
M000218,井上 隆,1980-05-03,男性,330-0000,埼玉県さいたま市浦和区1丁目7-11,080-4612-4808,m000218@example.com,4811586861717928
M000219,松本 美咲,1992-06-10,女性,144-0000,東京都大田区4丁目5-5,090-8126-8825,m000219@example.com,4375070224672775
M000220,山口 由美,1986-06-05,女性,216-0000,神奈川県川崎市宮前区1丁目7-15,080-4587-5497,m000220@example.com,4457323734687763
M000221,中村 彩,1972-07-04,女性,251-0000,神奈川県藤沢市1丁目23-14,080-3396-6478,m000221@example.com,4410462233632756
M000222,鈴木 麻衣,1989-01-20,女性,192-0000,東京都八王子市5丁目14-15,090-3486-4775,m000222@example.com,4970919529939417
M000223,佐々木 香織,1968-01-11,女性,332-0000,埼玉県川口市5丁目13-17,080-1289-2041,m000223@example.com,4732465527092048
M000224,鈴木 彩,2004-11-16,女性,225-0000,神奈川県横浜市青葉区5丁目29-18,080-3846-1109,m000224@example.com,4101450845415575
M000225,山本 健一,1995-10-08,男性,144-0000,東京都大田区4丁目22-9,080-5178-6433,m000225@example.com,4709125245097874
M000226,山田 彩,1979-03-08,女性,272-0000,千葉県市川市4丁目23-17,090-7519-9438,m000226@example.com,4846211710177544
M000227,加藤 由美,1972-11-24,女性,166-0000,東京都杉並区2丁目10-10,090-6100-4155,m000227@example.com,4277755570364848
M000228,井上 恵,1978-06-18,女性,272-0000,千葉県市川市5丁目27-7,080-2990-1096,m000228@example.com,4062862722148165
M000229,中村 麻衣,1980-02-26,女性,154-0000,東京都世田谷区1丁目5-11,090-5628-7020,m000229@example.com,4507122258946701
M000230,伊藤 翔太,1984-05-08,男性,132-0000,東京都江戸川区5丁目15-5,090-7198-8442,m000230@example.com,4587267796909006
M000231,渡辺 健一,1975-12-11,男性,216-0000,神奈川県川崎市宮前区2丁目21-2,080-5970-3561,m000231@example.com,4782571470019278
M000232,加藤 香織,1958-07-09,女性,225-0000,神奈川県横浜市青葉区1丁目26-17,080-7544-7477,m000232@example.com,4252422510001482
M000233,松本 翔太,1988-08-30,男性,216-0000,神奈川県川崎市宮前区4丁目11-1,090-6440-8043,m000233@example.com,4235057539758826
M000234,佐藤 陽子,1987-01-05,女性,166-0000,東京都杉並区1丁目29-13,080-9001-8694,m000234@example.com,4207888958012034
M000235,松本 麻衣,1991-07-02,女性,132-0000,東京都江戸川区1丁目25-13,080-5900-3635,m000235@example.com,4654243357713610
M000236,加藤 由美,1971-07-29,女性,154-0000,東京都世田谷区4丁目12-19,080-2849-8150,m000236@example.com,4166512863241873
M000237,伊藤 愛,2004-11-27,女性,132-0000,東京都江戸川区2丁目2-2,090-2125-2451,m000237@example.com,4431407674419281
M000238,松本 彩,1986-12-30,女性,154-0000,東京都世田谷区2丁目21-12,080-2060-5690,m000238@example.com,4756164711245198
M000239,吉田 千夏,1986-06-05,女性,144-0000,東京都大田区5丁目9-8,090-1838-2833,m000239@example.com,4553150672811466
M000240,井上 さくら,1961-10-25,女性,144-0000,東京都大田区3丁目1-14,090-4352-2811,m000240@example.com,4612888933326972
M000241,佐藤 陽子,1980-01-30,女性,332-0000,埼玉県川口市5丁目3-18,080-7371-5244,m000241@example.com,4167902087517178
M000242,山田 美咲,1981-08-20,女性,216-0000,神奈川県川崎市宮前区3丁目29-1,090-1219-1023,m000242@example.com,4020342094144515
M000243,佐々木 亮,1987-07-12,男性,166-0000,東京都杉並区5丁目15-13,090-2494-7846,m000243@example.com,4273976516065211
M000244,吉田 大輔,1961-01-10,男性,166-0000,東京都杉並区2丁目2-7,080-5172-3003,m000244@example.com,4781654506938466
M000245,井上 恵,1986-11-10,女性,144-0000,東京都大田区5丁目24-18,090-9207-2843,m000245@example.com,4048495934723969
M000246,吉田 さくら,1957-12-09,女性,132-0000,東京都江戸川区3丁目7-17,090-1575-3100,m000246@example.com,4530642421096452
M000247,田中 洋平,1975-01-24,男性,154-0000,東京都世田谷区3丁目21-7,090-4540-7444,m000247@example.com,4806060990068963
M000248,山本 翔太,1968-09-30,男性,330-0000,埼玉県さいたま市浦和区3丁目19-18,090-2996-7962,m000248@example.com,4310468685609539
M000249,伊藤 亮,1982-05-13,男性,154-0000,東京都世田谷区2丁目5-3,090-1735-1000,m000249@example.com,4661714515018487
M000250,松本 香織,1989-12-04,女性,144-0000,東京都大田区4丁目19-13,090-6407-4789,m000250@example.com,4940015147828459
M000251,小林 千夏,1983-02-17,女性,332-0000,埼玉県川口市3丁目18-3,080-5255-3136,m000251@example.com,4941328138584712
M000252,中村 洋平,1970-03-15,男性,166-0000,東京都杉並区2丁目1-17,090-9776-3283,m000252@example.com,4709878368345409
M000253,伊藤 洋平,1988-03-11,男性,132-0000,東京都江戸川区1丁目26-8,080-5303-9705,m000253@example.com,4027115993721953
M000254,山口 麻衣,2003-09-23,女性,251-0000,神奈川県藤沢市3丁目10-12,090-3407-2879,m000254@example.com,4556224766868809
M000255,渡辺 麻衣,1992-03-11,女性,154-0000,東京都世田谷区2丁目12-12,080-5757-9455,m000255@example.com,4220715736010625
M000256,加藤 洋平,1976-11-06,男性,273-0000,千葉県船橋市3丁目10-12,080-9342-2957,m000256@example.com,4336566531574859
M000257,松本 恵,1987-02-25,女性,166-0000,東京都杉並区3丁目18-17,080-3739-4429,m000257@example.com,4648604699761239
M000258,山田 大輔,1991-11-09,男性,216-0000,神奈川県川崎市宮前区4丁目23-3,080-9992-4665,m000258@example.com,4258663002786891
M000259,小林 陽子,1978-09-30,女性,132-0000,東京都江戸川区5丁目2-17,080-6865-5831,m000259@example.com,4120877754917803
M000260,中村 翔太,1999-08-05,男性,166-0000,東京都杉並区4丁目24-10,090-6246-4286,m000260@example.com,4396735329357312
M000261,吉田 千夏,1984-11-18,女性,176-0000,東京都練馬区2丁目16-1,080-4665-7116,m000261@example.com,4654313890888661
M000262,高橋 翔太,1970-06-29,男性,251-0000,神奈川県藤沢市4丁目12-17,090-1827-8305,m000262@example.com,4301313803293260
M000263,山本 香織,1977-11-01,女性,216-0000,神奈川県川崎市宮前区2丁目18-3,080-1695-7598,m000263@example.com,4631573335638157
M000264,吉田 拓也,1977-08-07,男性,154-0000,東京都世田谷区5丁目25-9,080-6278-5742,m000264@example.com,4465797006877397
M000265,田中 洋平,1989-04-25,男性,144-0000,東京都大田区4丁目17-7,080-7179-6991,m000265@example.com,4024797426557095
M000266,渡辺 誠,1969-01-26,男性,225-0000,神奈川県横浜市青葉区2丁目7-9,090-4463-1911,m000266@example.com,4813103421452983
M000267,中村 大輔,1987-10-27,男性,272-0000,千葉県市川市1丁目4-14,080-3763-3859,m000267@example.com,4892608122646030
M000268,松本 美咲,1965-11-12,女性,216-0000,神奈川県川崎市宮前区4丁目28-15,080-9349-3612,m000268@example.com,4212477432948809
M000269,中村 拓也,1983-09-27,男性,330-0000,埼玉県さいたま市浦和区5丁目28-1,090-6378-3707,m000269@example.com,4236752190092935
M000270,吉田 陽子,1976-02-05,女性,216-0000,神奈川県川崎市宮前区1丁目16-2,080-6244-5227,m000270@example.com,4783372576461538
M000271,小林 恵,1990-01-11,女性,132-0000,東京都江戸川区4丁目18-6,090-3992-8929,m000271@example.com,4157310227328577
M000272,渡辺 隆,1999-07-24,男性,154-0000,東京都世田谷区5丁目21-2,090-4208-7476,m000272@example.com,4129885378409371
M000273,伊藤 由美,2008-03-03,女性,359-0000,埼玉県所沢市3丁目11-16,090-7747-2097,m000273@example.com,4431346623528332
M000274,吉田 愛,1957-10-07,女性,273-0000,千葉県船橋市4丁目21-1,090-1718-4078,m000274@example.com,4528483837150951
M000275,山田 さくら,2008-10-17,女性,330-0000,埼玉県さいたま市浦和区4丁目23-12,090-7017-2846,m000275@example.com,4632629132557666
M000276,加藤 洋平,2008-04-19,男性,154-0000,東京都世田谷区4丁目28-1,080-5894-3938,m000276@example.com,4801302118505483
M000277,鈴木 大輔,1975-05-12,男性,216-0000,神奈川県川崎市宮前区5丁目23-4,090-8198-1874,m000277@example.com,4385417624562911
M000278,佐々木 誠,1974-09-16,男性,225-0000,神奈川県横浜市青葉区1丁目14-2,090-1322-4434,m000278@example.com,4240368985488429
M000279,松本 麻衣,1997-05-06,女性,192-0000,東京都八王子市5丁目12-7,080-3242-1468,m000279@example.com,4861302174698864
M000280,山口 さくら,1967-01-19,女性,273-0000,千葉県船橋市4丁目25-19,080-9002-1038,m000280@example.com,4149732538569563
M000281,中村 大輔,1990-07-30,男性,154-0000,東京都世田谷区5丁目11-11,090-8298-7361,m000281@example.com,4144155139049527
M000282,佐藤 亮,1992-10-09,男性,273-0000,千葉県船橋市1丁目29-19,090-6676-2284,m000282@example.com,4396748336993597
M000283,高橋 陽子,1987-01-08,女性,216-0000,神奈川県川崎市宮前区5丁目23-17,080-9455-2578,m000283@example.com,4072113623546489
M000284,山田 愛,1961-06-16,女性,132-0000,東京都江戸川区5丁目6-3,090-2368-2907,m000284@example.com,4139024283192103
M000285,山口 洋平,1986-02-14,男性,166-0000,東京都杉並区4丁目14-16,090-8993-9361,m000285@example.com,4879187703714195
M000286,佐藤 彩,1988-11-03,女性,192-0000,東京都八王子市4丁目6-8,090-9245-5599,m000286@example.com,4188906705125020
M000287,吉田 翔太,1996-01-25,男性,359-0000,埼玉県所沢市2丁目28-13,090-3916-3522,m000287@example.com,4822006954488999
M000288,佐々木 亮,2008-06-23,男性,272-0000,千葉県市川市2丁目20-2,090-1940-1395,m000288@example.com,4182196153419038
M000289,山田 愛,1966-02-22,女性,176-0000,東京都練馬区3丁目4-19,090-4769-6145,m000289@example.com,4795733358866354
M000290,佐々木 千夏,1982-08-28,女性,132-0000,東京都江戸川区2丁目6-17,080-3237-2556,m000290@example.com,4192781967465830
M000291,中村 翔太,1979-02-08,男性,166-0000,東京都杉並区3丁目8-3,080-6993-4263,m000291@example.com,4723401315270894
M000292,山口 亮,1975-09-13,男性,192-0000,東京都八王子市2丁目1-8,080-3528-1598,m000292@example.com,4217138477626670
M000293,山本 香織,2008-07-24,女性,132-0000,東京都江戸川区3丁目12-17,080-8624-4848,m000293@example.com,4743339355486269
M000294,伊藤 陽子,1978-09-16,女性,192-0000,東京都八王子市1丁目6-6,080-4533-6297,m000294@example.com,4022538031080066
M000295,山口 亮,1969-05-22,男性,154-0000,東京都世田谷区3丁目19-16,090-3236-8441,m000295@example.com,4520504833230214
M000296,山口 隆,1984-05-06,男性,225-0000,神奈川県横浜市青葉区3丁目12-18,090-9076-5784,m000296@example.com,4164429255620669
M000297,高橋 洋平,1976-09-09,男性,272-0000,千葉県市川市1丁目29-13,090-4340-9206,m000297@example.com,4628208901450100
M000298,鈴木 美咲,1985-07-10,女性,277-0000,千葉県柏市5丁目29-13,090-8232-7921,m000298@example.com,4637628873812302
M000299,山本 拓也,1965-08-28,男性,359-0000,埼玉県所沢市4丁目23-7,080-5490-1529,m000299@example.com,4070106485578036
M000300,田中 由美,1997-05-07,女性,273-0000,千葉県船橋市3丁目18-19,090-3009-6418,m000300@example.com,4691573649679903
M000301,中村 由美,1963-11-12,女性,216-0000,神奈川県川崎市宮前区3丁目3-17,090-1132-3841,m000301@example.com,4425405723463095
M000302,松本 隆,1991-01-11,男性,216-0000,神奈川県川崎市宮前区3丁目8-12,080-5795-2397,m000302@example.com,4563663737469802
M000303,加藤 由美,1959-06-20,女性,132-0000,東京都江戸川区4丁目20-8,080-6425-2865,m000303@example.com,4898863116876250
M000304,井上 麻衣,1984-02-20,女性,132-0000,東京都江戸川区4丁目17-14,080-1729-4574,m000304@example.com,4965219578668027
M000305,佐藤 和也,1986-01-23,男性,251-0000,神奈川県藤沢市4丁目23-18,080-2024-8737,m000305@example.com,4746223839315286
M000306,井上 誠,1965-03-10,男性,192-0000,東京都八王子市5丁目12-1,080-1147-3778,m000306@example.com,4438563846260276
M000307,佐々木 洋平,1979-12-10,男性,154-0000,東京都世田谷区1丁目22-6,080-1612-1068,m000307@example.com,4395265825687398
M000308,山本 大輔,1984-09-18,男性,273-0000,千葉県船橋市2丁目5-4,080-2546-6433,m000308@example.com,4867305790352922
M000309,佐藤 愛,1970-12-13,女性,332-0000,埼玉県川口市1丁目11-2,080-6186-8099,m000309@example.com,4958903060049622
M000310,山口 恵,1992-03-19,女性,330-0000,埼玉県さいたま市浦和区2丁目10-4,090-9989-4217,m000310@example.com,4863227707930337
M000311,山口 彩,2000-10-12,女性,225-0000,神奈川県横浜市青葉区2丁目26-18,080-7721-5546,m000311@example.com,4537808901713729
M000312,鈴木 亮,1987-06-23,男性,176-0000,東京都練馬区5丁目5-17,090-5168-2545,m000312@example.com,4714222947336250
M000313,伊藤 和也,1991-07-03,男性,166-0000,東京都杉並区2丁目9-14,080-2912-2002,m000313@example.com,4052532123461457
M000314,中村 陽子,1965-04-26,女性,272-0000,千葉県市川市1丁目21-2,080-6374-5846,m000314@example.com,4667435506576968
M000315,佐々木 恵,1982-02-01,女性,192-0000,東京都八王子市2丁目8-6,080-9075-3930,m000315@example.com,4426590642190819
M000316,渡辺 麻衣,2008-11-05,女性,132-0000,東京都江戸川区3丁目7-5,080-7796-8761,m000316@example.com,4788766425501282
M000317,中村 千夏,1982-11-20,女性,251-0000,神奈川県藤沢市5丁目20-10,090-6840-1573,m000317@example.com,4192801769175248
M000318,伊藤 健一,1989-05-26,男性,132-0000,東京都江戸川区3丁目22-3,090-7229-3954,m000318@example.com,4619956720112099
M000319,田中 香織,1979-04-25,女性,330-0000,埼玉県さいたま市浦和区2丁目13-2,090-5693-4795,m000319@example.com,4003414927733620
M000320,加藤 愛,1995-07-26,女性,277-0000,千葉県柏市4丁目28-1,090-3041-9509,m000320@example.com,4132360857908180
M000321,中村 洋平,2008-04-13,男性,330-0000,埼玉県さいたま市浦和区3丁目10-1,090-8843-9019,m000321@example.com,4464699873668918
M000322,吉田 美咲,1958-02-12,女性,272-0000,千葉県市川市4丁目23-18,080-1488-2202,m000322@example.com,4650931780976901
M000323,山口 恵,1968-08-30,女性,176-0000,東京都練馬区2丁目1-12,090-6892-3968,m000323@example.com,4938064259019363
M000324,佐々木 愛,1978-07-15,女性,251-0000,神奈川県藤沢市1丁目9-11,080-4053-4372,m000324@example.com,4560388776864783
M000325,田中 千夏,1965-06-16,女性,216-0000,神奈川県川崎市宮前区4丁目26-9,090-9706-8800,m000325@example.com,4967763719263913
M000326,山田 健一,1981-03-18,男性,154-0000,東京都世田谷区2丁目22-5,090-1727-3047,m000326@example.com,4409833380797425
M000327,井上 和也,1972-08-25,男性,330-0000,埼玉県さいたま市浦和区2丁目11-12,080-3603-3507,m000327@example.com,4861813885455668
M000328,松本 由美,1969-01-31,女性,144-0000,東京都大田区4丁目26-5,080-8230-9445,m000328@example.com,4991484686548415
M000329,山本 隆,1988-05-19,男性,330-0000,埼玉県さいたま市浦和区1丁目23-13,080-4351-8300,m000329@example.com,4436681521079830
M000330,松本 洋平,1981-09-18,男性,154-0000,東京都世田谷区1丁目27-18,080-4063-5176,m000330@example.com,4860702111428081
M000331,山田 愛,2000-07-17,女性,359-0000,埼玉県所沢市5丁目12-18,080-3981-6137,m000331@example.com,4735562901362634
M000332,佐藤 由美,1977-05-14,女性,251-0000,神奈川県藤沢市1丁目21-14,090-3053-4214,m000332@example.com,4548303091643651
M000333,伊藤 誠,1942-02-06,男性,216-0000,神奈川県川崎市宮前区4丁目15-16,090-7972-6103,m000333@example.com,4856099428879502
M000334,吉田 拓也,1979-10-05,男性,273-0000,千葉県船橋市2丁目5-4,090-7593-2401,m000334@example.com,4038877391832999
M000335,佐々木 恵,1996-12-03,女性,216-0000,神奈川県川崎市宮前区4丁目27-6,080-1508-1821,m000335@example.com,4414504987744731
M000336,高橋 誠,1973-03-11,男性,154-0000,東京都世田谷区4丁目18-3,090-6828-6131,m000336@example.com,4083443319988251
M000337,小林 彩,1996-01-28,女性,332-0000,埼玉県川口市1丁目10-10,090-6655-9652,m000337@example.com,4178831758195481
M000338,田中 大輔,1994-02-02,男性,176-0000,東京都練馬区2丁目12-13,080-4194-5972,m000338@example.com,4428653531255092
M000339,井上 麻衣,1965-11-03,女性,273-0000,千葉県船橋市4丁目8-7,080-6390-6989,m000339@example.com,4786615234682432
M000340,山本 大輔,1951-07-04,男性,166-0000,東京都杉並区5丁目15-3,090-6489-3767,m000340@example.com,4844819065152524
M000341,山本 さくら,1967-04-09,女性,176-0000,東京都練馬区5丁目11-18,090-4059-7626,m000341@example.com,4519228766202993
M000342,山田 さくら,1956-08-28,女性,359-0000,埼玉県所沢市3丁目13-5,090-9922-9720,m000342@example.com,4435080018279989
M000343,伊藤 麻衣,1976-05-31,女性,272-0000,千葉県市川市1丁目25-15,090-6173-7949,m000343@example.com,4563404080251557
M000344,鈴木 拓也,1995-01-15,男性,330-0000,埼玉県さいたま市浦和区4丁目28-7,080-3134-1154,m000344@example.com,4703510439573029
M000345,山口 健一,1970-10-13,男性,251-0000,神奈川県藤沢市1丁目22-1,090-7376-8934,m000345@example.com,4126259686828847
M000346,佐々木 美咲,1975-01-10,女性,176-0000,東京都練馬区5丁目14-13,090-5709-6382,m000346@example.com,4493468786756266
M000347,井上 隆,1979-10-16,男性,251-0000,神奈川県藤沢市3丁目2-7,080-3668-4760,m000347@example.com,4906559394303443
M000348,田中 由美,1992-01-29,女性,225-0000,神奈川県横浜市青葉区2丁目4-5,090-4288-4907,m000348@example.com,4320401087762627
M000349,高橋 翔太,1956-07-13,男性,251-0000,神奈川県藤沢市4丁目21-14,090-7725-4679,m000349@example.com,4505357576686094
M000350,加藤 翔太,1949-12-16,男性,132-0000,東京都江戸川区4丁目13-3,080-9332-5316,m000350@example.com,4339077026181022
M000351,鈴木 麻衣,1967-10-06,女性,251-0000,神奈川県藤沢市3丁目18-1,080-3148-8261,m000351@example.com,4575131180476814
M000352,田中 彩,1960-11-24,女性,272-0000,千葉県市川市2丁目10-17,080-9220-1846,m000352@example.com,4400120628795107
M000353,鈴木 健一,2008-04-09,男性,330-0000,埼玉県さいたま市浦和区5丁目23-3,080-6793-8743,m000353@example.com,4804739769403822
M000354,高橋 由美,1981-01-10,女性,330-0000,埼玉県さいたま市浦和区4丁目24-4,080-2760-3978,m000354@example.com,4188438508258656
M000355,山口 陽子,1988-06-25,女性,216-0000,神奈川県川崎市宮前区1丁目2-17,080-4180-9759,m000355@example.com,4924731482235040
M000356,井上 洋平,1985-05-28,男性,225-0000,神奈川県横浜市青葉区1丁目12-6,080-5591-6830,m000356@example.com,4722263879662828
M000357,佐藤 直樹,1963-03-06,男性,251-0000,神奈川県藤沢市1丁目28-10,080-3819-8989,m000357@example.com,4159733789878646
M000358,小林 隆,1974-11-10,男性,330-0000,埼玉県さいたま市浦和区4丁目18-13,090-2517-6186,m000358@example.com,4614910998839138
M000359,山口 洋平,1966-05-09,男性,216-0000,神奈川県川崎市宮前区5丁目14-18,080-8997-9208,m000359@example.com,4090727928566926
M000360,鈴木 洋平,1978-08-15,男性,154-0000,東京都世田谷区3丁目24-2,090-8214-4201,m000360@example.com,4843639557108843
M000361,伊藤 大輔,1992-03-19,男性,216-0000,神奈川県川崎市宮前区3丁目9-3,080-7286-5835,m000361@example.com,4228347657139281
M000362,田中 隆,1978-10-08,男性,330-0000,埼玉県さいたま市浦和区2丁目1-8,090-3140-1113,m000362@example.com,4894386705662615
M000363,鈴木 陽子,1972-03-25,女性,330-0000,埼玉県さいたま市浦和区2丁目20-3,080-1558-8820,m000363@example.com,4813851747621066
M000364,吉田 千夏,1997-12-01,女性,359-0000,埼玉県所沢市3丁目25-11,080-1025-4039,m000364@example.com,4706516632985944
M000365,井上 隆,1951-12-18,男性,277-0000,千葉県柏市4丁目14-9,090-6350-7874,m000365@example.com,4578377224447927
M000366,伊藤 麻衣,1979-03-14,女性,273-0000,千葉県船橋市3丁目25-1,080-8071-2728,m000366@example.com,4675433856974792
M000367,佐藤 亮,1999-01-30,男性,166-0000,東京都杉並区4丁目18-5,080-9870-1796,m000367@example.com,4134060371749820
M000368,中村 洋平,1977-05-10,男性,144-0000,東京都大田区3丁目27-4,090-9417-4682,m000368@example.com,4471239505843067
M000369,山口 麻衣,1997-11-28,女性,332-0000,埼玉県川口市2丁目26-6,090-1279-3121,m000369@example.com,4548517167024985
M000370,小林 和也,1969-05-09,男性,251-0000,神奈川県藤沢市5丁目20-14,080-4452-7495,m000370@example.com,4864531119884515
M000371,佐藤 和也,1995-02-26,男性,154-0000,東京都世田谷区2丁目17-1,090-1913-5459,m000371@example.com,4265383988215453
M000372,中村 洋平,1955-05-07,男性,225-0000,神奈川県横浜市青葉区4丁目13-7,090-7376-4458,m000372@example.com,4428696931771310
M000373,伊藤 拓也,1977-09-08,男性,154-0000,東京都世田谷区5丁目24-13,090-6225-4184,m000373@example.com,4342550694219549
M000374,山田 彩,1975-04-12,女性,277-0000,千葉県柏市1丁目6-14,090-8311-8726,m000374@example.com,4735142985180797
M000375,田中 陽子,1983-04-20,女性,166-0000,東京都杉並区1丁目19-16,090-9346-9571,m000375@example.com,4606263804244417
M000376,伊藤 恵,1990-01-20,女性,330-0000,埼玉県さいたま市浦和区2丁目8-11,080-7137-3582,m000376@example.com,4538769279854942
M000377,山田 香織,2007-08-01,女性,272-0000,千葉県市川市5丁目4-12,080-5115-2433,m000377@example.com,4950253406413910
M000378,中村 愛,2001-09-14,女性,192-0000,東京都八王子市2丁目22-3,090-2507-3261,m000378@example.com,4899863611458779
M000379,松本 愛,1989-01-02,女性,330-0000,埼玉県さいたま市浦和区3丁目18-1,090-5003-3202,m000379@example.com,4780988379169067
M000380,佐々木 愛,1989-10-10,女性,216-0000,神奈川県川崎市宮前区4丁目17-18,090-2212-1538,m000380@example.com,4626810555821225
M000381,山口 拓也,2007-12-10,男性,154-0000,東京都世田谷区2丁目25-3,080-3187-1764,m000381@example.com,4534522769720727
M000382,田中 彩,1976-03-07,女性,251-0000,神奈川県藤沢市2丁目9-11,090-2504-6786,m000382@example.com,4602515181076268
M000383,松本 健一,2003-10-16,男性,176-0000,東京都練馬区1丁目6-7,080-9331-9676,m000383@example.com,4662407786903567
M000384,鈴木 千夏,1987-03-16,女性,154-0000,東京都世田谷区5丁目10-13,080-6819-9797,m000384@example.com,4073435905646279
M000385,鈴木 誠,1998-10-27,男性,216-0000,神奈川県川崎市宮前区2丁目7-9,080-8678-2642,m000385@example.com,4873983232598842
M000386,佐藤 翔太,1981-05-14,男性,166-0000,東京都杉並区5丁目16-5,080-3397-9186,m000386@example.com,4100574200552084
M000387,伊藤 和也,1989-04-10,男性,330-0000,埼玉県さいたま市浦和区4丁目15-17,080-6630-5810,m000387@example.com,4195534007150353
M000388,伊藤 亮,1979-10-17,男性,166-0000,東京都杉並区1丁目14-13,080-9492-2787,m000388@example.com,4253657421367265
M000389,高橋 由美,1979-02-08,女性,192-0000,東京都八王子市5丁目13-12,080-4537-7987,m000389@example.com,4975718712210322
M000390,吉田 千夏,2008-01-21,女性,216-0000,神奈川県川崎市宮前区4丁目5-10,090-1110-1409,m000390@example.com,4622270611490334
M000391,山田 陽子,2001-11-22,女性,192-0000,東京都八王子市4丁目15-7,090-4297-8221,m000391@example.com,4227182781824010
M000392,佐藤 陽子,1966-07-14,女性,132-0000,東京都江戸川区4丁目21-12,080-9794-6784,m000392@example.com,4741264588924037
M000393,山田 洋平,1992-10-18,男性,330-0000,埼玉県さいたま市浦和区4丁目8-15,090-1487-4437,m000393@example.com,4831183702679156
M000394,山口 麻衣,1980-09-13,女性,273-0000,千葉県船橋市3丁目3-17,090-4498-5727,m000394@example.com,4934157022572396
M000395,渡辺 陽子,1963-06-28,女性,192-0000,東京都八王子市3丁目5-4,080-9061-6176,m000395@example.com,4587221266995204
M000396,中村 千夏,2004-07-07,女性,359-0000,埼玉県所沢市5丁目17-8,080-2489-9845,m000396@example.com,4285217988588444
M000397,山本 誠,2004-11-22,男性,176-0000,東京都練馬区3丁目3-4,090-6657-7980,m000397@example.com,4976780000703201
M000398,鈴木 拓也,2008-07-15,男性,132-0000,東京都江戸川区3丁目27-10,080-2300-8436,m000398@example.com,4876904467145591
M000399,小林 翔太,1991-06-28,男性,166-0000,東京都杉並区5丁目19-14,080-6656-2657,m000399@example.com,4107219972204443
M000400,山田 愛,1994-07-21,女性,251-0000,神奈川県藤沢市2丁目2-13,080-8190-4920,m000400@example.com,4623401130573315
M000401,鈴木 大輔,1978-10-12,男性,225-0000,神奈川県横浜市青葉区3丁目26-10,090-7131-6687,m000401@example.com,4883819460586897
M000402,渡辺 健一,1975-11-03,男性,225-0000,神奈川県横浜市青葉区4丁目28-12,080-8348-3707,m000402@example.com,4609868900522417
M000403,加藤 拓也,1982-07-02,男性,330-0000,埼玉県さいたま市浦和区2丁目17-15,090-7824-6882,m000403@example.com,4302495759060184
M000404,松本 誠,1967-12-09,男性,273-0000,千葉県船橋市2丁目20-1,080-2324-1232,m000404@example.com,4486795296382853
M000405,中村 翔太,1984-06-15,男性,273-0000,千葉県船橋市1丁目11-9,080-4599-4043,m000405@example.com,4003524388728967
M000406,井上 拓也,1999-02-20,男性,251-0000,神奈川県藤沢市3丁目19-11,080-9558-4930,m000406@example.com,4495694420268381
M000407,山田 麻衣,1985-05-25,女性,359-0000,埼玉県所沢市3丁目6-3,080-3376-6630,m000407@example.com,4250740015509425
M000408,佐々木 健一,2007-09-16,男性,132-0000,東京都江戸川区5丁目28-19,090-4951-5619,m000408@example.com,4421233565890158
M000409,佐藤 大輔,1982-10-14,男性,154-0000,東京都世田谷区2丁目24-7,080-7564-3774,m000409@example.com,4433930617306795
M000410,山本 恵,1967-06-16,女性,154-0000,東京都世田谷区2丁目5-10,080-9801-3129,m000410@example.com,4116444690026651
M000411,松本 千夏,1985-04-06,女性,192-0000,東京都八王子市4丁目27-12,080-7987-7404,m000411@example.com,4593340734514804
M000412,山本 直樹,1966-03-06,男性,154-0000,東京都世田谷区3丁目19-11,080-8550-6325,m000412@example.com,4915550902200459
M000413,鈴木 麻衣,1976-09-22,女性,216-0000,神奈川県川崎市宮前区5丁目19-1,080-7181-2390,m000413@example.com,4770765418795043
M000414,山口 由美,2008-09-16,女性,332-0000,埼玉県川口市1丁目23-8,080-5571-1323,m000414@example.com,4608620845750741
M000415,吉田 翔太,1990-04-07,男性,216-0000,神奈川県川崎市宮前区2丁目20-17,080-9750-4650,m000415@example.com,4921939931296065
M000416,鈴木 直樹,1999-10-11,男性,330-0000,埼玉県さいたま市浦和区5丁目15-15,080-8228-4808,m000416@example.com,4816390990659169
M000417,井上 美咲,1988-05-07,女性,359-0000,埼玉県所沢市4丁目29-10,090-4843-6389,m000417@example.com,4664207514814396
M000418,加藤 由美,2008-07-31,女性,272-0000,千葉県市川市2丁目7-13,090-4568-9536,m000418@example.com,4495366741085853
M000419,小林 由美,1993-10-18,女性,330-0000,埼玉県さいたま市浦和区3丁目13-13,080-7535-1899,m000419@example.com,4606077954634328
M000420,渡辺 愛,1993-12-15,女性,330-0000,埼玉県さいたま市浦和区2丁目5-9,090-8101-6844,m000420@example.com,4564859362552917
M000421,伊藤 拓也,1999-01-23,男性,166-0000,東京都杉並区2丁目13-12,090-5784-9389,m000421@example.com,4455366258784033
M000422,山本 由美,1983-07-17,女性,277-0000,千葉県柏市1丁目12-6,080-6711-1416,m000422@example.com,4952994507609035
M000423,伊藤 誠,1961-08-19,男性,225-0000,神奈川県横浜市青葉区5丁目6-18,080-9542-5168,m000423@example.com,4209993495246365
M000424,松本 愛,1977-12-26,女性,216-0000,神奈川県川崎市宮前区4丁目19-1,080-8112-2953,m000424@example.com,4622080465485166
M000425,渡辺 由美,1964-11-26,女性,154-0000,東京都世田谷区5丁目9-8,080-5375-9693,m000425@example.com,4786057921553765
M000426,鈴木 恵,1986-12-17,女性,166-0000,東京都杉並区5丁目17-16,080-8635-2671,m000426@example.com,4452703530909085
M000427,田中 さくら,1976-08-02,女性,273-0000,千葉県船橋市2丁目17-16,090-2227-5234,m000427@example.com,4811939027097406
M000428,佐々木 大輔,1982-05-22,男性,330-0000,埼玉県さいたま市浦和区2丁目6-3,090-2695-3064,m000428@example.com,4331471999221025
M000429,渡辺 拓也,1972-04-11,男性,216-0000,神奈川県川崎市宮前区3丁目12-8,090-2888-7679,m000429@example.com,4014586678006604
M000430,加藤 恵,1991-09-05,女性,192-0000,東京都八王子市1丁目12-19,080-6088-4976,m000430@example.com,4117844849844572
M000431,渡辺 健一,1982-11-11,男性,166-0000,東京都杉並区5丁目18-5,080-3215-7645,m000431@example.com,4532632854508381
M000432,高橋 健一,2000-01-23,男性,272-0000,千葉県市川市1丁目11-15,080-6032-4570,m000432@example.com,4940730883420329
M000433,山本 誠,1974-07-10,男性,273-0000,千葉県船橋市1丁目11-19,090-2135-3275,m000433@example.com,4863118312685982
M000434,渡辺 誠,1984-12-22,男性,216-0000,神奈川県川崎市宮前区5丁目29-9,080-3154-2707,m000434@example.com,4747886618307888
M000435,高橋 美咲,2000-01-24,女性,332-0000,埼玉県川口市3丁目5-7,090-3187-2101,m000435@example.com,4394588369291956
M000436,高橋 恵,1967-01-25,女性,144-0000,東京都大田区1丁目27-10,090-5376-7811,m000436@example.com,4039728131769741
M000437,吉田 誠,1962-05-25,男性,330-0000,埼玉県さいたま市浦和区4丁目18-2,090-1945-6648,m000437@example.com,4046279528719684
M000438,鈴木 隆,1982-12-25,男性,176-0000,東京都練馬区2丁目17-6,080-5320-8939,m000438@example.com,4715385414120377
M000439,伊藤 由美,1968-05-27,女性,154-0000,東京都世田谷区5丁目16-10,090-7574-6488,m000439@example.com,4028388667032091
M000440,田中 由美,1991-09-18,女性,192-0000,東京都八王子市5丁目24-3,080-9893-6730,m000440@example.com,4709748386900178
M000441,中村 由美,1977-04-19,女性,166-0000,東京都杉並区3丁目25-4,090-9994-2583,m000441@example.com,4436327200807155
M000442,佐々木 健一,1983-08-08,男性,154-0000,東京都世田谷区4丁目3-12,080-1193-7920,m000442@example.com,4061930252599790
M000443,山本 誠,2008-11-20,男性,216-0000,神奈川県川崎市宮前区1丁目17-1,080-1609-1767,m000443@example.com,4606506992542218
M000444,伊藤 亮,1989-03-05,男性,273-0000,千葉県船橋市5丁目19-8,090-5205-7946,m000444@example.com,4496724731052227
M000445,伊藤 誠,2008-11-28,男性,144-0000,東京都大田区1丁目7-12,090-7484-8027,m000445@example.com,4860630702949678
M000446,井上 恵,2008-01-31,女性,176-0000,東京都練馬区5丁目13-11,090-8630-9868,m000446@example.com,4247812315490943
M000447,伊藤 美咲,1989-12-31,女性,144-0000,東京都大田区5丁目6-4,080-5840-6938,m000447@example.com,4755872715373485
M000448,山口 洋平,1979-10-07,男性,192-0000,東京都八王子市1丁目24-18,080-5326-1280,m000448@example.com,4695508211022178
M000449,松本 洋平,1985-09-01,男性,225-0000,神奈川県横浜市青葉区2丁目10-15,080-7752-7293,m000449@example.com,4964855191821574
M000450,渡辺 亮,1988-12-30,男性,225-0000,神奈川県横浜市青葉区5丁目23-17,090-1864-8394,m000450@example.com,4009870545361742
M000451,井上 拓也,2008-09-21,男性,273-0000,千葉県船橋市2丁目22-11,080-5179-6815,m000451@example.com,4154160544013661
M000452,小林 麻衣,1976-07-12,女性,176-0000,東京都練馬区4丁目7-9,080-4985-7170,m000452@example.com,4673054552278400
M000453,井上 翔太,1986-06-25,男性,272-0000,千葉県市川市5丁目6-19,090-3064-8254,m000453@example.com,4952659210732576
M000454,小林 彩,1996-06-01,女性,132-0000,東京都江戸川区3丁目27-10,080-1872-3310,m000454@example.com,4470348088188167
M000455,山本 さくら,1960-08-19,女性,176-0000,東京都練馬区3丁目4-8,090-7279-6088,m000455@example.com,4051604628218930
M000456,伊藤 さくら,2001-04-26,女性,330-0000,埼玉県さいたま市浦和区2丁目13-11,080-6177-7324,m000456@example.com,4590914526122517
M000457,佐々木 拓也,1991-06-16,男性,154-0000,東京都世田谷区1丁目10-18,090-5942-1140,m000457@example.com,4534741044259745
M000458,佐藤 美咲,1985-04-27,女性,144-0000,東京都大田区1丁目22-4,080-1349-6053,m000458@example.com,4579623808856314
M000459,佐々木 拓也,1992-05-30,男性,216-0000,神奈川県川崎市宮前区5丁目20-4,090-7860-3591,m000459@example.com,4661681178062594
M000460,吉田 由美,1969-06-29,女性,132-0000,東京都江戸川区2丁目8-5,080-5586-1718,m000460@example.com,4896320342258376
M000461,山本 亮,1974-07-21,男性,251-0000,神奈川県藤沢市5丁目17-16,090-8116-1784,m000461@example.com,4142154342909702
M000462,加藤 美咲,1949-05-08,女性,251-0000,神奈川県藤沢市4丁目22-9,080-1551-1570,m000462@example.com,4878973436621614
M000463,渡辺 由美,1979-01-28,女性,330-0000,埼玉県さいたま市浦和区2丁目21-13,080-7666-8508,m000463@example.com,4554558884775964
M000464,井上 陽子,1967-09-23,女性,166-0000,東京都杉並区4丁目29-13,080-4731-5960,m000464@example.com,4733025846460130
M000465,田中 さくら,1964-12-10,女性,176-0000,東京都練馬区1丁目22-12,080-1881-6243,m000465@example.com,4620853095546647
M000466,山本 彩,1988-02-07,女性,225-0000,神奈川県横浜市青葉区3丁目4-15,090-1602-2497,m000466@example.com,4384253773375082
M000467,吉田 健一,1950-07-25,男性,154-0000,東京都世田谷区1丁目4-13,090-2882-2802,m000467@example.com,4331740555205239
M000468,佐々木 由美,1951-07-08,女性,251-0000,神奈川県藤沢市1丁目7-13,090-3218-9218,m000468@example.com,4188982279790475
M000469,山田 愛,1984-02-05,女性,154-0000,東京都世田谷区5丁目8-12,080-7191-2072,m000469@example.com,4881143440260053
M000470,高橋 千夏,1983-03-30,女性,359-0000,埼玉県所沢市1丁目3-18,080-8159-7293,m000470@example.com,4111011827267939
M000471,松本 香織,1951-07-06,女性,225-0000,神奈川県横浜市青葉区2丁目6-8,090-8314-9750,m000471@example.com,4446361124830765
M000472,井上 誠,1995-06-28,男性,144-0000,東京都大田区2丁目2-15,080-7427-3607,m000472@example.com,4960706659854380
M000473,佐藤 健一,1972-02-15,男性,216-0000,神奈川県川崎市宮前区2丁目9-7,090-6598-5884,m000473@example.com,4006053799923534
M000474,松本 由美,1984-04-11,女性,176-0000,東京都練馬区5丁目29-17,090-3585-2982,m000474@example.com,4501151146380100
M000475,中村 彩,2002-05-26,女性,330-0000,埼玉県さいたま市浦和区5丁目27-2,090-9510-1177,m000475@example.com,4657890643999812
M000476,田中 誠,1976-02-07,男性,166-0000,東京都杉並区5丁目29-4,090-6160-6108,m000476@example.com,4401197649209912
M000477,山田 翔太,1982-06-16,男性,132-0000,東京都江戸川区2丁目23-18,080-1509-2418,m000477@example.com,4660765625330144
M000478,松本 亮,1975-09-11,男性,272-0000,千葉県市川市2丁目8-17,090-4356-7185,m000478@example.com,4683727589205722
M000479,田中 愛,1990-02-23,女性,166-0000,東京都杉並区5丁目21-7,080-8297-6742,m000479@example.com,4231617023517418
M000480,加藤 さくら,1977-11-28,女性,154-0000,東京都世田谷区4丁目27-2,090-1570-6978,m000480@example.com,4141227955956456
M000481,田中 亮,1971-06-18,男性,132-0000,東京都江戸川区3丁目14-4,080-3786-2431,m000481@example.com,4094680012148361
M000482,佐藤 直樹,1967-06-09,男性,176-0000,東京都練馬区4丁目23-8,090-8477-2838,m000482@example.com,4451343806222941
M000483,渡辺 千夏,1968-05-17,女性,154-0000,東京都世田谷区4丁目11-12,080-7863-5012,m000483@example.com,4537393083171086
M000484,佐々木 直樹,1998-04-23,男性,332-0000,埼玉県川口市2丁目15-9,080-7845-5147,m000484@example.com,4587922566340678
M000485,加藤 陽子,1973-12-22,女性,154-0000,東京都世田谷区1丁目22-2,090-4737-2664,m000485@example.com,4788045884625752
M000486,伊藤 由美,1985-01-09,女性,176-0000,東京都練馬区3丁目14-17,090-2647-4876,m000486@example.com,4224510427000160
M000487,渡辺 由美,1975-04-17,女性,330-0000,埼玉県さいたま市浦和区1丁目2-19,080-5138-2890,m000487@example.com,4275121591468391
M000488,中村 和也,1981-04-16,男性,332-0000,埼玉県川口市1丁目18-11,080-2611-4456,m000488@example.com,4710058588473902
M000489,田中 彩,1992-01-26,女性,251-0000,神奈川県藤沢市2丁目9-10,080-8460-1854,m000489@example.com,4227785110893974
M000490,高橋 麻衣,1997-09-16,女性,166-0000,東京都杉並区4丁目6-15,090-5995-4353,m000490@example.com,4195119856484418
M000491,伊藤 大輔,1984-05-03,男性,154-0000,東京都世田谷区3丁目23-13,090-9309-9047,m000491@example.com,4036246105771138
M000492,渡辺 彩,1987-02-06,女性,332-0000,埼玉県川口市4丁目4-16,080-5394-4733,m000492@example.com,4622505009755609
M000493,伊藤 由美,1994-04-13,女性,332-0000,埼玉県川口市1丁目6-12,090-1531-1678,m000493@example.com,4432016901020436
M000494,高橋 亮,1972-05-29,男性,216-0000,神奈川県川崎市宮前区3丁目28-12,090-9976-4490,m000494@example.com,4238260159490213
M000495,高橋 由美,1989-03-28,女性,251-0000,神奈川県藤沢市5丁目3-16,090-7212-5727,m000495@example.com,4934973156571476
M000496,山本 亮,2007-12-31,男性,154-0000,東京都世田谷区4丁目5-12,090-1409-7462,m000496@example.com,4994718358844600
M000497,高橋 隆,1973-01-09,男性,251-0000,神奈川県藤沢市5丁目2-3,080-1353-2996,m000497@example.com,4256633763646730
M000498,田中 隆,2001-04-02,男性,166-0000,東京都杉並区4丁目27-16,090-8397-1785,m000498@example.com,4977354604921239
M000499,山口 恵,1943-11-10,女性,330-0000,埼玉県さいたま市浦和区5丁目2-11,090-7529-3934,m000499@example.com,4465653497301128
M000500,吉田 和也,2005-08-17,男性,225-0000,神奈川県横浜市青葉区1丁目8-16,090-3718-6259,m000500@example.com,4885508585155177
M000501,山口 香織,1985-10-03,女性,359-0000,埼玉県所沢市3丁目10-2,090-5828-2047,m000501@example.com,4713181800915265
M000502,松本 和也,1997-06-27,男性,176-0000,東京都練馬区5丁目9-10,090-4272-8744,m000502@example.com,4539351587077473
M000503,佐藤 直樹,1980-07-12,男性,192-0000,東京都八王子市1丁目29-12,080-2287-2301,m000503@example.com,4583440821747663
M000504,渡辺 誠,1989-08-01,男性,277-0000,千葉県柏市1丁目21-7,090-2248-2632,m000504@example.com,4500245126246966
M000505,鈴木 美咲,1978-10-28,女性,176-0000,東京都練馬区5丁目4-19,090-3702-2619,m000505@example.com,4914359336486751
M000506,鈴木 麻衣,1964-05-29,女性,192-0000,東京都八王子市5丁目22-18,080-2588-5482,m000506@example.com,4255555513895947
M000507,山田 大輔,1972-12-03,男性,251-0000,神奈川県藤沢市4丁目22-19,080-3835-1325,m000507@example.com,4609070507587698
M000508,吉田 誠,1981-05-24,男性,272-0000,千葉県市川市5丁目26-1,090-9392-4465,m000508@example.com,4797015232597626
M000509,渡辺 美咲,1970-06-14,女性,216-0000,神奈川県川崎市宮前区5丁目14-3,090-8917-8800,m000509@example.com,4311148467292658
M000510,小林 愛,1984-04-18,女性,359-0000,埼玉県所沢市2丁目12-7,080-9293-8111,m000510@example.com,4463283646584916
M000511,鈴木 大輔,1942-05-06,男性,225-0000,神奈川県横浜市青葉区3丁目6-3,080-9036-1750,m000511@example.com,4632387033898240
M000512,高橋 誠,1979-03-20,男性,332-0000,埼玉県川口市4丁目28-8,080-7886-1395,m000512@example.com,4192872330745462
M000513,田中 麻衣,1995-03-12,女性,273-0000,千葉県船橋市2丁目6-8,080-6252-3939,m000513@example.com,4814257854198097
M000514,佐々木 誠,1964-05-11,男性,277-0000,千葉県柏市2丁目12-9,090-9483-1781,m000514@example.com,4981795274612643
M000515,伊藤 恵,1962-04-19,女性,332-0000,埼玉県川口市1丁目6-8,080-1505-3058,m000515@example.com,4668847221790870
M000516,吉田 拓也,1970-11-09,男性,332-0000,埼玉県川口市4丁目13-4,090-8008-5075,m000516@example.com,4535225992538248
M000517,松本 香織,1999-09-18,女性,144-0000,東京都大田区5丁目2-10,080-4279-3290,m000517@example.com,4595003483727148
M000518,佐々木 恵,1962-06-27,女性,176-0000,東京都練馬区5丁目16-17,080-6059-6491,m000518@example.com,4417350986378855
M000519,佐藤 和也,1969-06-16,男性,359-0000,埼玉県所沢市2丁目21-10,080-5995-2256,m000519@example.com,4104761698508042
M000520,松本 健一,1974-01-16,男性,154-0000,東京都世田谷区1丁目15-8,080-3779-9456,m000520@example.com,4140363590412869
M000521,山田 愛,1975-08-12,女性,359-0000,埼玉県所沢市2丁目19-19,080-1688-9154,m000521@example.com,4620037136755578
M000522,佐々木 陽子,1985-07-24,女性,176-0000,東京都練馬区4丁目18-15,080-2864-7061,m000522@example.com,4241747929415182
M000523,山田 健一,1973-10-06,男性,330-0000,埼玉県さいたま市浦和区2丁目24-9,080-5091-6835,m000523@example.com,4968702927599873
M000524,渡辺 誠,1999-01-25,男性,154-0000,東京都世田谷区1丁目16-19,080-6292-4663,m000524@example.com,4339147559450836
M000525,松本 大輔,1982-09-24,男性,332-0000,埼玉県川口市2丁目21-10,080-1387-4014,m000525@example.com,4489172053116415
M000526,山田 愛,1990-05-30,女性,176-0000,東京都練馬区1丁目15-4,080-4816-3119,m000526@example.com,4334919440656467
M000527,山本 隆,1989-06-17,男性,359-0000,埼玉県所沢市3丁目14-7,080-1216-8526,m000527@example.com,4077326177091526
M000528,田中 直樹,1964-11-03,男性,144-0000,東京都大田区2丁目4-12,080-9777-4951,m000528@example.com,4215918949751766
M000529,井上 隆,1990-08-06,男性,132-0000,東京都江戸川区1丁目15-5,080-7562-6748,m000529@example.com,4183647597099028
M000530,高橋 和也,2005-07-08,男性,166-0000,東京都杉並区2丁目13-19,090-5410-6567,m000530@example.com,4472842150854149
M000531,佐々木 大輔,1998-12-13,男性,251-0000,神奈川県藤沢市5丁目27-5,080-9171-9997,m000531@example.com,4308970020910375
M000532,松本 恵,1973-07-02,女性,273-0000,千葉県船橋市4丁目17-12,090-9319-8284,m000532@example.com,4006741973957533
M000533,鈴木 陽子,1973-09-19,女性,154-0000,東京都世田谷区5丁目11-16,080-2706-6250,m000533@example.com,4107696797496822
M000534,高橋 さくら,1986-09-13,女性,225-0000,神奈川県横浜市青葉区5丁目22-19,090-8391-6336,m000534@example.com,4127114873716364
M000535,渡辺 和也,1973-06-12,男性,154-0000,東京都世田谷区5丁目24-10,080-5815-8516,m000535@example.com,4357844803944260
M000536,渡辺 拓也,1977-07-19,男性,132-0000,東京都江戸川区4丁目18-15,080-5783-4554,m000536@example.com,4368425774581599
M000537,吉田 彩,1988-12-15,女性,154-0000,東京都世田谷区3丁目23-4,090-2762-5507,m000537@example.com,4964768230512861
M000538,山田 恵,2008-12-01,女性,154-0000,東京都世田谷区4丁目1-2,090-4112-2791,m000538@example.com,4891912695943897
M000539,中村 香織,1987-08-13,女性,132-0000,東京都江戸川区3丁目9-11,090-4347-7363,m000539@example.com,4106283340351045
M000540,小林 拓也,1962-12-08,男性,332-0000,埼玉県川口市1丁目5-5,090-8302-4891,m000540@example.com,4896379669562971
M000541,井上 恵,1969-11-28,女性,144-0000,東京都大田区1丁目26-10,080-4548-9604,m000541@example.com,4620934076811821
M000542,佐々木 翔太,1993-01-02,男性,154-0000,東京都世田谷区4丁目10-10,080-7664-7052,m000542@example.com,4142746104072649
M000543,松本 和也,1982-04-25,男性,272-0000,千葉県市川市5丁目29-6,090-1046-1571,m000543@example.com,4196905223199992
M000544,山本 千夏,1996-08-20,女性,225-0000,神奈川県横浜市青葉区3丁目18-10,080-8335-6524,m000544@example.com,4842013589471239
M000545,伊藤 翔太,1999-05-20,男性,330-0000,埼玉県さいたま市浦和区2丁目5-9,090-6778-4921,m000545@example.com,4637720784149956
M000546,高橋 健一,1956-03-13,男性,144-0000,東京都大田区3丁目3-10,090-3712-9120,m000546@example.com,4078030481448951
M000547,吉田 誠,1994-09-28,男性,225-0000,神奈川県横浜市青葉区4丁目29-4,080-2603-3526,m000547@example.com,4868834135686045
M000548,山田 陽子,1999-04-06,女性,330-0000,埼玉県さいたま市浦和区1丁目14-9,080-4964-4833,m000548@example.com,4429251019365829
M000549,鈴木 さくら,1984-10-03,女性,272-0000,千葉県市川市1丁目27-6,090-2026-7081,m000549@example.com,4588553304917825
M000550,井上 直樹,1966-04-15,男性,332-0000,埼玉県川口市2丁目18-6,090-8727-6383,m000550@example.com,4419449897017275
M000551,高橋 翔太,1990-04-17,男性,332-0000,埼玉県川口市2丁目5-15,080-6838-4210,m000551@example.com,4353244741565509
M000552,加藤 麻衣,1972-04-09,女性,272-0000,千葉県市川市3丁目3-11,090-8053-1429,m000552@example.com,4978298829057773
M000553,山本 さくら,1942-03-19,女性,251-0000,神奈川県藤沢市1丁目3-15,080-6629-4676,m000553@example.com,4757481931830854
M000554,松本 直樹,1973-04-09,男性,330-0000,埼玉県さいたま市浦和区5丁目11-14,090-4671-9443,m000554@example.com,4102040915681506
M000555,渡辺 和也,1963-04-12,男性,154-0000,東京都世田谷区4丁目12-10,080-8692-4775,m000555@example.com,4655291606079754
M000556,高橋 由美,1953-08-16,女性,330-0000,埼玉県さいたま市浦和区1丁目14-9,080-1251-5393,m000556@example.com,4269352830357235
M000557,松本 香織,1969-10-24,女性,132-0000,東京都江戸川区3丁目18-7,090-6695-2988,m000557@example.com,4515009959032227
M000558,山田 陽子,1976-03-28,女性,154-0000,東京都世田谷区1丁目20-3,080-9655-9381,m000558@example.com,4543955830989503
M000559,山本 翔太,1976-01-01,男性,272-0000,千葉県市川市3丁目19-10,090-6293-3756,m000559@example.com,4379326293395401
M000560,佐藤 彩,1984-06-08,女性,166-0000,東京都杉並区1丁目24-12,090-1336-9467,m000560@example.com,4236662952025785
M000561,井上 大輔,1975-10-23,男性,192-0000,東京都八王子市3丁目27-18,090-9688-5620,m000561@example.com,4004092867134149
M000562,渡辺 由美,1968-06-16,女性,277-0000,千葉県柏市4丁目1-10,080-2362-7663,m000562@example.com,4402508791069490
M000563,鈴木 健一,1962-01-28,男性,216-0000,神奈川県川崎市宮前区2丁目19-3,090-3926-2046,m000563@example.com,4573755740739116
M000564,加藤 隆,2008-11-27,男性,272-0000,千葉県市川市4丁目4-14,080-3528-1299,m000564@example.com,4786016133874119
M000565,吉田 大輔,1976-08-06,男性,132-0000,東京都江戸川区2丁目15-15,090-6885-9645,m000565@example.com,4788771007048421
M000566,佐藤 麻衣,1981-06-10,女性,132-0000,東京都江戸川区4丁目11-4,080-3579-1822,m000566@example.com,4639601458365497
M000567,中村 麻衣,1991-01-09,女性,277-0000,千葉県柏市4丁目8-17,080-9924-4412,m000567@example.com,4177879366163479
M000568,山本 健一,1962-02-11,男性,330-0000,埼玉県さいたま市浦和区3丁目19-9,080-9673-5364,m000568@example.com,4333233037798322
M000569,中村 麻衣,1983-05-13,女性,272-0000,千葉県市川市3丁目22-13,090-7305-9582,m000569@example.com,4477324845605611
M000570,小林 麻衣,1983-12-11,女性,330-0000,埼玉県さいたま市浦和区5丁目7-2,080-4886-3468,m000570@example.com,4264825328175132
M000571,田中 陽子,1996-04-09,女性,154-0000,東京都世田谷区4丁目16-18,090-1696-7578,m000571@example.com,4755402402332578
M000572,加藤 隆,1978-03-20,男性,144-0000,東京都大田区5丁目24-1,090-7826-6987,m000572@example.com,4943942299738242
M000573,伊藤 恵,1983-03-07,女性,251-0000,神奈川県藤沢市3丁目3-14,090-2619-1871,m000573@example.com,4657999798481688
M000574,佐藤 大輔,2008-12-06,男性,154-0000,東京都世田谷区2丁目15-1,090-3921-4444,m000574@example.com,4988353400618275
M000575,吉田 千夏,1972-04-18,女性,176-0000,東京都練馬区5丁目26-16,080-6427-5645,m000575@example.com,4429484149729642
M000576,佐々木 拓也,1974-01-03,男性,166-0000,東京都杉並区2丁目13-12,090-6592-9337,m000576@example.com,4351955452050969
M000577,鈴木 誠,1985-12-24,男性,272-0000,千葉県市川市3丁目25-18,090-6775-1465,m000577@example.com,4433736043619907
M000578,渡辺 愛,2004-06-11,女性,251-0000,神奈川県藤沢市2丁目18-3,090-2105-1920,m000578@example.com,4524622328377620
M000579,渡辺 恵,1992-12-30,女性,166-0000,東京都杉並区3丁目15-16,090-5209-4377,m000579@example.com,4640110663336870
M000580,田中 由美,2008-03-01,女性,359-0000,埼玉県所沢市3丁目25-8,080-5606-5099,m000580@example.com,4344688567655415
M000581,中村 陽子,1954-08-04,女性,330-0000,埼玉県さいたま市浦和区5丁目21-17,090-4029-3202,m000581@example.com,4751718520357489
M000582,中村 隆,2006-11-25,男性,144-0000,東京都大田区2丁目14-2,090-5585-7277,m000582@example.com,4179246148174483
M000583,吉田 彩,2001-11-12,女性,132-0000,東京都江戸川区4丁目5-7,090-2112-5126,m000583@example.com,4887088108083265
M000584,佐藤 健一,1975-09-25,男性,154-0000,東京都世田谷区3丁目8-13,090-6856-3007,m000584@example.com,4316750111111930
M000585,山本 由美,1977-05-17,女性,154-0000,東京都世田谷区2丁目6-12,090-4658-3804,m000585@example.com,4630948668754270
M000586,佐々木 拓也,1978-02-14,男性,225-0000,神奈川県横浜市青葉区2丁目18-18,090-5803-4785,m000586@example.com,4122158505327795
M000587,吉田 恵,1982-06-14,女性,154-0000,東京都世田谷区5丁目9-13,090-5292-9887,m000587@example.com,4073191114246589
M000588,吉田 美咲,1997-07-24,女性,192-0000,東京都八王子市4丁目3-13,080-3727-6785,m000588@example.com,4150428029639737
M000589,山本 彩,1983-07-08,女性,273-0000,千葉県船橋市2丁目6-7,090-3542-3724,m000589@example.com,4382409496849851
M000590,山本 和也,2005-05-07,男性,216-0000,神奈川県川崎市宮前区1丁目27-12,090-6788-5658,m000590@example.com,4801051581801312
M000591,松本 翔太,2008-05-04,男性,192-0000,東京都八王子市3丁目7-2,090-1407-9788,m000591@example.com,4313213534233058
M000592,山本 翔太,1984-10-24,男性,251-0000,神奈川県藤沢市2丁目20-12,090-8407-8297,m000592@example.com,4967269157750465
M000593,松本 彩,1959-05-05,女性,330-0000,埼玉県さいたま市浦和区2丁目13-6,090-9407-4607,m000593@example.com,4444717256907486
M000594,加藤 由美,1961-01-03,女性,166-0000,東京都杉並区4丁目21-9,080-8669-8423,m000594@example.com,4966418389493605
M000595,山本 さくら,1969-12-27,女性,166-0000,東京都杉並区5丁目10-16,080-9017-3901,m000595@example.com,4324975138012331
M000596,吉田 由美,1969-07-26,女性,273-0000,千葉県船橋市1丁目26-4,080-5395-7802,m000596@example.com,4874712960681918
M000597,佐藤 亮,1988-01-01,男性,225-0000,神奈川県横浜市青葉区1丁目21-13,090-5972-5190,m000597@example.com,4994187202193937
M000598,加藤 麻衣,1982-11-04,女性,154-0000,東京都世田谷区3丁目20-5,080-5034-1445,m000598@example.com,4617593903590436
M000599,松本 香織,1993-10-27,女性,176-0000,東京都練馬区1丁目2-3,090-6610-4152,m000599@example.com,4713109561441987
M000600,小林 大輔,2003-04-03,男性,225-0000,神奈川県横浜市青葉区5丁目13-14,090-1339-6021,m000600@example.com,4954951679711540
M000601,小林 健一,1957-01-24,男性,176-0000,東京都練馬区2丁目19-9,080-4391-9380,m000601@example.com,4128053292318586
M000602,中村 陽子,1965-06-27,女性,192-0000,東京都八王子市4丁目3-15,080-6433-8931,m000602@example.com,4587502454023892
M000603,高橋 さくら,2008-05-17,女性,176-0000,東京都練馬区2丁目8-2,080-9757-7504,m000603@example.com,4329238404969377
M000604,山田 隆,1989-01-03,男性,332-0000,埼玉県川口市2丁目26-14,090-1029-3360,m000604@example.com,4349437864066639
M000605,田中 さくら,1978-09-09,女性,154-0000,東京都世田谷区4丁目9-1,090-2548-1898,m000605@example.com,4003193370077977
M000606,山口 麻衣,1968-08-07,女性,330-0000,埼玉県さいたま市浦和区4丁目14-17,090-8635-1570,m000606@example.com,4813969733386272
M000607,吉田 麻衣,1976-06-05,女性,332-0000,埼玉県川口市5丁目16-19,090-4700-4906,m000607@example.com,4723442179043275
M000608,山田 直樹,1971-04-13,男性,144-0000,東京都大田区3丁目22-8,080-6162-4476,m000608@example.com,4141873076040304
M000609,山田 洋平,1965-03-21,男性,359-0000,埼玉県所沢市1丁目7-19,080-4972-4629,m000609@example.com,4318267059922661
M000610,渡辺 隆,2005-02-15,男性,251-0000,神奈川県藤沢市5丁目16-8,090-9531-4795,m000610@example.com,4022182061206402
M000611,山口 香織,1975-12-08,女性,359-0000,埼玉県所沢市5丁目14-14,090-2872-1983,m000611@example.com,4782825352804015
M000612,加藤 彩,1980-10-18,女性,251-0000,神奈川県藤沢市5丁目12-8,080-7713-4972,m000612@example.com,4258818253514417
M000613,田中 翔太,1965-06-05,男性,216-0000,神奈川県川崎市宮前区4丁目29-2,090-2968-8566,m000613@example.com,4503865890638871
M000614,伊藤 誠,2000-08-26,男性,330-0000,埼玉県さいたま市浦和区2丁目4-12,080-7443-3326,m000614@example.com,4425444410713938
M000615,田中 さくら,1979-03-31,女性,154-0000,東京都世田谷区5丁目4-6,090-2098-5561,m000615@example.com,4220344873219575
M000616,佐藤 さくら,1979-09-20,女性,144-0000,東京都大田区4丁目16-8,090-4918-2462,m000616@example.com,4088959031010264
M000617,中村 恵,1986-07-02,女性,166-0000,東京都杉並区4丁目24-2,090-2650-1752,m000617@example.com,4129474943754087
M000618,加藤 直樹,1997-03-02,男性,216-0000,神奈川県川崎市宮前区1丁目26-8,090-6349-2196,m000618@example.com,4004365607872219
M000619,佐々木 誠,1993-05-13,男性,132-0000,東京都江戸川区1丁目12-8,080-8558-6687,m000619@example.com,4868074037531138
M000620,吉田 洋平,1969-07-12,男性,132-0000,東京都江戸川区5丁目22-13,080-3730-1811,m000620@example.com,4780766087509581
M000621,井上 健一,1982-04-04,男性,154-0000,東京都世田谷区3丁目28-3,080-8714-6120,m000621@example.com,4144656010557124
M000622,伊藤 誠,1978-08-09,男性,192-0000,東京都八王子市4丁目11-16,080-1478-3201,m000622@example.com,4221227614751312
M000623,佐藤 恵,1982-07-22,女性,166-0000,東京都杉並区5丁目6-16,090-8836-8977,m000623@example.com,4332330205682434
M000624,中村 隆,1969-03-16,男性,225-0000,神奈川県横浜市青葉区4丁目15-9,080-8382-1905,m000624@example.com,4858666859688184
M000625,山本 誠,1969-06-24,男性,225-0000,神奈川県横浜市青葉区3丁目16-4,080-5682-7919,m000625@example.com,4251744368868490
M000626,鈴木 香織,1980-06-27,女性,176-0000,東京都練馬区4丁目7-3,080-1432-1472,m000626@example.com,4913464831328490
M000627,吉田 健一,1967-02-07,男性,132-0000,東京都江戸川区5丁目19-2,090-9605-7677,m000627@example.com,4515344669457082
M000628,渡辺 洋平,1982-07-22,男性,332-0000,埼玉県川口市4丁目9-7,080-9050-2013,m000628@example.com,4914361493968813
M000629,小林 由美,1988-12-04,女性,272-0000,千葉県市川市4丁目3-5,080-9114-2051,m000629@example.com,4057271596868153
M000630,加藤 さくら,1977-08-20,女性,359-0000,埼玉県所沢市2丁目2-13,090-1355-5292,m000630@example.com,4042143185803165
M000631,伊藤 由美,1992-12-21,女性,132-0000,東京都江戸川区2丁目15-6,080-7055-5932,m000631@example.com,4018805273829981
M000632,鈴木 隆,1981-11-16,男性,216-0000,神奈川県川崎市宮前区2丁目25-7,080-1905-7486,m000632@example.com,4067332442810529
M000633,松本 恵,1965-02-07,女性,330-0000,埼玉県さいたま市浦和区1丁目7-8,090-7429-9551,m000633@example.com,4182301181237270
M000634,松本 隆,1970-05-17,男性,277-0000,千葉県柏市2丁目18-12,080-3190-1192,m000634@example.com,4923762383367839
M000635,吉田 健一,1984-01-20,男性,176-0000,東京都練馬区4丁目4-5,090-2301-9844,m000635@example.com,4954588514708517
M000636,井上 恵,1981-05-04,女性,359-0000,埼玉県所沢市1丁目21-4,080-1172-4271,m000636@example.com,4773227273238547
M000637,井上 千夏,1955-11-26,女性,330-0000,埼玉県さいたま市浦和区3丁目15-15,080-3636-4923,m000637@example.com,4452903161349890
M000638,佐々木 美咲,1978-03-04,女性,225-0000,神奈川県横浜市青葉区4丁目14-2,080-3727-7751,m000638@example.com,4605610378273500
M000639,伊藤 翔太,1979-01-25,男性,154-0000,東京都世田谷区4丁目9-17,080-6081-6265,m000639@example.com,4368933428245453
M000640,佐々木 千夏,1977-12-30,女性,273-0000,千葉県船橋市2丁目22-10,080-8583-6789,m000640@example.com,4028012698895661
M000641,佐々木 彩,1972-07-21,女性,251-0000,神奈川県藤沢市5丁目24-19,090-7269-6697,m000641@example.com,4530793375257384
M000642,小林 愛,2008-10-10,女性,277-0000,千葉県柏市5丁目14-18,080-3079-8036,m000642@example.com,4212618011101067
M000643,渡辺 香織,1992-11-05,女性,277-0000,千葉県柏市4丁目16-18,090-1400-2087,m000643@example.com,4877861907814605
M000644,加藤 誠,1960-10-05,男性,273-0000,千葉県船橋市5丁目14-4,090-4450-8451,m000644@example.com,4903019747923713
M000645,小林 翔太,1962-06-20,男性,332-0000,埼玉県川口市1丁目10-15,080-5495-8547,m000645@example.com,4492745094115818
M000646,松本 拓也,1994-11-25,男性,330-0000,埼玉県さいたま市浦和区2丁目17-15,090-7468-9354,m000646@example.com,4192840246561218
M000647,中村 恵,1969-06-08,女性,277-0000,千葉県柏市4丁目2-2,090-9082-1869,m000647@example.com,4745279329520755
M000648,山田 大輔,1972-07-15,男性,132-0000,東京都江戸川区4丁目11-6,090-9071-4595,m000648@example.com,4518090943133543
M000649,山口 翔太,1973-04-28,男性,272-0000,千葉県市川市2丁目14-5,080-9017-2942,m000649@example.com,4862457483632899
M000650,山口 健一,1987-09-27,男性,272-0000,千葉県市川市5丁目15-9,080-7986-3206,m000650@example.com,4823300315967225
M000651,松本 洋平,1986-07-19,男性,154-0000,東京都世田谷区1丁目24-14,090-3605-9106,m000651@example.com,4876024405011778
M000652,渡辺 亮,1981-07-04,男性,144-0000,東京都大田区4丁目20-11,080-6920-9724,m000652@example.com,4264120382953250
M000653,山田 直樹,1990-12-16,男性,132-0000,東京都江戸川区5丁目23-1,080-9254-5260,m000653@example.com,4325796102995977
M000654,中村 美咲,1984-06-19,女性,216-0000,神奈川県川崎市宮前区1丁目12-13,080-8580-5611,m000654@example.com,4623139035569684
M000655,山田 健一,1958-06-24,男性,132-0000,東京都江戸川区3丁目23-6,090-2058-5743,m000655@example.com,4938837950126604
M000656,佐々木 由美,1978-08-06,女性,273-0000,千葉県船橋市4丁目27-19,090-9904-4668,m000656@example.com,4131931298736564
M000657,吉田 麻衣,1980-04-25,女性,192-0000,東京都八王子市2丁目10-17,090-6932-7524,m000657@example.com,4090012389806218
M000658,佐藤 直樹,1966-07-12,男性,332-0000,埼玉県川口市4丁目27-10,080-6602-3187,m000658@example.com,4638480141141210
M000659,山口 さくら,1983-07-27,女性,132-0000,東京都江戸川区2丁目5-13,090-8775-7674,m000659@example.com,4385038205656112
M000660,佐藤 隆,1965-07-03,男性,154-0000,東京都世田谷区3丁目25-14,090-5222-2097,m000660@example.com,4101663995355619
M000661,山田 誠,1961-02-17,男性,216-0000,神奈川県川崎市宮前区1丁目8-11,080-8212-9652,m000661@example.com,4310458996338039
M000662,加藤 隆,1985-12-04,男性,225-0000,神奈川県横浜市青葉区5丁目5-9,080-8856-7457,m000662@example.com,4652848517636258
M000663,山口 さくら,1985-11-01,女性,332-0000,埼玉県川口市2丁目23-16,090-5124-4085,m000663@example.com,4566736145733107
M000664,山田 愛,2008-08-17,女性,132-0000,東京都江戸川区3丁目21-18,080-3040-8620,m000664@example.com,4737939229549130
M000665,吉田 千夏,1970-08-18,女性,144-0000,東京都大田区3丁目17-16,080-3895-9771,m000665@example.com,4510227977554598
M000666,松本 麻衣,2008-08-15,女性,176-0000,東京都練馬区2丁目12-11,090-3631-4539,m000666@example.com,4888510064615921
M000667,松本 美咲,1985-08-15,女性,192-0000,東京都八王子市4丁目6-18,080-3628-7386,m000667@example.com,4241356994651019
M000668,中村 由美,1989-08-29,女性,277-0000,千葉県柏市1丁目29-10,090-5005-1291,m000668@example.com,4738282460896617
M000669,山口 由美,1974-09-30,女性,154-0000,東京都世田谷区2丁目6-6,080-4245-6424,m000669@example.com,4141308542482477
M000670,高橋 陽子,1984-12-21,女性,132-0000,東京都江戸川区1丁目15-18,090-1880-6432,m000670@example.com,4747874640231254
M000671,井上 洋平,2006-07-05,男性,166-0000,東京都杉並区4丁目2-6,080-2531-5030,m000671@example.com,4705267019501630
M000672,山口 亮,1989-10-30,男性,166-0000,東京都杉並区2丁目20-4,080-5287-5031,m000672@example.com,4308066371668372
M000673,山田 千夏,1981-03-26,女性,132-0000,東京都江戸川区1丁目27-2,090-2590-9545,m000673@example.com,4406176793805849
M000674,山口 麻衣,1988-01-15,女性,144-0000,東京都大田区3丁目12-15,090-4298-8276,m000674@example.com,4579942055324254
M000675,高橋 陽子,1960-09-10,女性,330-0000,埼玉県さいたま市浦和区5丁目22-5,090-2223-6151,m000675@example.com,4387932351728538
M000676,山本 直樹,1994-05-08,男性,192-0000,東京都八王子市4丁目10-17,090-2430-4409,m000676@example.com,4452311572644009
M000677,渡辺 由美,1992-06-11,女性,330-0000,埼玉県さいたま市浦和区3丁目21-1,090-7411-5891,m000677@example.com,4423099898597450
M000678,佐々木 隆,1980-09-10,男性,359-0000,埼玉県所沢市1丁目24-19,080-1687-5208,m000678@example.com,4894966659854441
M000679,佐藤 和也,1980-05-27,男性,277-0000,千葉県柏市1丁目8-14,090-9474-9727,m000679@example.com,4079578903330597
M000680,山本 亮,1988-02-02,男性,166-0000,東京都杉並区1丁目17-5,090-9929-1582,m000680@example.com,4972664489134538
M000681,鈴木 千夏,1987-02-18,女性,132-0000,東京都江戸川区4丁目11-15,090-2214-7815,m000681@example.com,4210930911803181
M000682,山口 陽子,1958-11-22,女性,225-0000,神奈川県横浜市青葉区4丁目20-2,080-5574-4320,m000682@example.com,4591102470060210
M000683,鈴木 亮,1964-11-30,男性,132-0000,東京都江戸川区1丁目25-8,080-6266-3381,m000683@example.com,4869730452991238
M000684,中村 彩,1970-05-24,女性,332-0000,埼玉県川口市3丁目25-8,080-3395-5304,m000684@example.com,4830753116873015
M000685,鈴木 香織,1980-02-14,女性,144-0000,東京都大田区3丁目4-11,090-6203-8432,m000685@example.com,4724389511617949
M000686,中村 陽子,1971-12-01,女性,154-0000,東京都世田谷区1丁目28-8,090-6950-7805,m000686@example.com,4342508716242168
M000687,山本 恵,2008-08-02,女性,359-0000,埼玉県所沢市5丁目1-9,080-4944-7796,m000687@example.com,4608710067484557
M000688,吉田 愛,1986-10-25,女性,154-0000,東京都世田谷区3丁目29-12,090-6446-8359,m000688@example.com,4099805621009542
M000689,吉田 恵,1953-02-20,女性,144-0000,東京都大田区5丁目4-6,080-2663-1035,m000689@example.com,4256134806211544
M000690,山田 翔太,1975-06-29,男性,176-0000,東京都練馬区5丁目17-3,080-5344-9155,m000690@example.com,4099629541429465
M000691,吉田 大輔,1952-06-01,男性,225-0000,神奈川県横浜市青葉区3丁目12-2,080-7501-9020,m000691@example.com,4194232824591451
M000692,田中 隆,1971-03-31,男性,225-0000,神奈川県横浜市青葉区1丁目24-13,090-7986-7325,m000692@example.com,4874659190500703
M000693,渡辺 翔太,1986-05-01,男性,272-0000,千葉県市川市5丁目7-10,080-1297-1581,m000693@example.com,4717088656064927
M000694,渡辺 洋平,1979-06-16,男性,332-0000,埼玉県川口市5丁目3-4,080-8109-2585,m000694@example.com,4937888906127620
M000695,高橋 千夏,1987-07-14,女性,144-0000,東京都大田区4丁目22-8,080-5430-1264,m000695@example.com,4584933639334335
M000696,井上 彩,2000-04-28,女性,359-0000,埼玉県所沢市1丁目1-4,080-3922-9941,m000696@example.com,4245554525672117
M000697,松本 由美,1989-05-21,女性,251-0000,神奈川県藤沢市3丁目18-11,090-4413-8326,m000697@example.com,4718180669337078
M000698,山本 健一,1968-01-07,男性,251-0000,神奈川県藤沢市3丁目22-7,090-1158-8980,m000698@example.com,4121286998002210
M000699,加藤 由美,1987-03-25,女性,166-0000,東京都杉並区2丁目27-15,080-3425-1950,m000699@example.com,4519752704594822
M000700,加藤 陽子,1990-08-12,女性,132-0000,東京都江戸川区5丁目3-9,080-5920-7180,m000700@example.com,4318846182748962
M000701,松本 さくら,1973-05-09,女性,192-0000,東京都八王子市1丁目13-19,090-4149-1346,m000701@example.com,4048826504706317
M000702,井上 洋平,1966-03-18,男性,132-0000,東京都江戸川区4丁目19-15,090-7103-6440,m000702@example.com,4910439591286745
M000703,佐藤 美咲,1989-07-15,女性,332-0000,埼玉県川口市2丁目17-19,080-1235-3507,m000703@example.com,4724877529157105
M000704,山田 麻衣,1990-08-09,女性,154-0000,東京都世田谷区1丁目24-2,080-2262-5903,m000704@example.com,4310457382374798
M000705,佐藤 誠,2000-02-11,男性,330-0000,埼玉県さいたま市浦和区1丁目6-6,080-5584-6627,m000705@example.com,4659801526536989
M000706,中村 恵,2001-04-11,女性,154-0000,東京都世田谷区3丁目29-9,090-7501-7339,m000706@example.com,4514987145840127
M000707,佐々木 大輔,1989-02-13,男性,332-0000,埼玉県川口市5丁目3-12,090-5179-6761,m000707@example.com,4657221208927961
M000708,山田 香織,1963-07-20,女性,225-0000,神奈川県横浜市青葉区5丁目19-18,080-6367-2518,m000708@example.com,4271647035370346
M000709,小林 直樹,2000-02-17,男性,277-0000,千葉県柏市2丁目3-14,090-8248-4833,m000709@example.com,4359260897212894
M000710,山田 洋平,1976-05-18,男性,144-0000,東京都大田区3丁目23-11,080-1814-1100,m000710@example.com,4000163784350777
M000711,高橋 愛,1972-11-27,女性,132-0000,東京都江戸川区1丁目2-3,080-8222-9899,m000711@example.com,4957807434142129
M000712,佐藤 由美,1975-02-17,女性,132-0000,東京都江戸川区5丁目19-14,080-1338-6407,m000712@example.com,4435168917630153
M000713,佐々木 さくら,1998-02-25,女性,132-0000,東京都江戸川区2丁目4-9,090-1985-9849,m000713@example.com,4449011413847461
M000714,田中 恵,1996-05-27,女性,272-0000,千葉県市川市4丁目23-14,090-2301-9966,m000714@example.com,4845471282524479
M000715,伊藤 洋平,1997-07-12,男性,154-0000,東京都世田谷区4丁目24-2,080-8213-9875,m000715@example.com,4972331936904481
M000716,中村 麻衣,1982-09-20,女性,176-0000,東京都練馬区4丁目29-11,080-8162-7932,m000716@example.com,4515170266952758
M000717,山田 由美,1977-12-03,女性,176-0000,東京都練馬区4丁目22-15,080-2937-1021,m000717@example.com,4122959050072625
M000718,山口 拓也,1965-11-29,男性,225-0000,神奈川県横浜市青葉区5丁目6-13,080-1510-3584,m000718@example.com,4835033422617149
M000719,高橋 洋平,1963-11-17,男性,330-0000,埼玉県さいたま市浦和区5丁目27-13,080-4449-1178,m000719@example.com,4961965708521558
M000720,吉田 健一,1961-11-22,男性,273-0000,千葉県船橋市1丁目20-9,090-2423-3531,m000720@example.com,4852905662352158
M000721,中村 誠,1946-08-09,男性,273-0000,千葉県船橋市5丁目14-4,090-6210-7474,m000721@example.com,4967293886325714
M000722,井上 恵,1971-03-29,女性,216-0000,神奈川県川崎市宮前区4丁目3-7,080-9882-4674,m000722@example.com,4191945273377950
M000723,吉田 香織,1997-04-02,女性,176-0000,東京都練馬区1丁目26-13,090-9476-4767,m000723@example.com,4478642597746391
M000724,吉田 健一,2005-02-22,男性,225-0000,神奈川県横浜市青葉区5丁目23-4,080-6896-5859,m000724@example.com,4814388434201818
M000725,田中 麻衣,1962-03-20,女性,273-0000,千葉県船橋市5丁目21-12,080-7572-7448,m000725@example.com,4891683647897475
M000726,伊藤 直樹,1974-09-19,男性,216-0000,神奈川県川崎市宮前区1丁目2-1,080-6640-3938,m000726@example.com,4599320021006229
M000727,松本 翔太,1980-07-24,男性,272-0000,千葉県市川市2丁目26-15,090-8788-9715,m000727@example.com,4048950406704625
M000728,山本 恵,1962-02-22,女性,272-0000,千葉県市川市1丁目18-9,090-3194-4631,m000728@example.com,4227197623071960
M000729,佐々木 隆,1965-04-17,男性,154-0000,東京都世田谷区3丁目12-13,090-6141-9149,m000729@example.com,4625335307872164
M000730,鈴木 香織,1974-09-27,女性,273-0000,千葉県船橋市2丁目21-15,080-7701-1426,m000730@example.com,4601746497964487
M000731,小林 彩,1998-08-20,女性,332-0000,埼玉県川口市5丁目8-18,080-3105-9317,m000731@example.com,4580669058509261
M000732,松本 洋平,1980-02-23,男性,332-0000,埼玉県川口市2丁目1-3,090-9793-8984,m000732@example.com,4788044251142782
M000733,渡辺 誠,1971-04-14,男性,251-0000,神奈川県藤沢市2丁目10-7,090-3323-5181,m000733@example.com,4868625397580864
M000734,加藤 和也,1999-05-23,男性,154-0000,東京都世田谷区1丁目3-5,090-3107-8002,m000734@example.com,4911221024643806
M000735,小林 誠,1999-09-17,男性,176-0000,東京都練馬区1丁目12-11,090-8338-2746,m000735@example.com,4698598558681043
M000736,山口 香織,1955-11-24,女性,132-0000,東京都江戸川区2丁目13-9,090-8686-1769,m000736@example.com,4249351438808697
M000737,吉田 彩,1974-10-01,女性,192-0000,東京都八王子市2丁目8-1,080-6244-2919,m000737@example.com,4756288058597709
M000738,佐々木 美咲,1998-06-20,女性,132-0000,東京都江戸川区1丁目2-18,080-5896-2211,m000738@example.com,4237655200834826
M000739,加藤 洋平,2003-07-28,男性,332-0000,埼玉県川口市5丁目13-8,090-8582-2221,m000739@example.com,4161982901354493
M000740,高橋 千夏,1979-02-17,女性,132-0000,東京都江戸川区1丁目10-6,090-4493-4368,m000740@example.com,4855438261352399
M000741,山田 大輔,1974-06-01,男性,359-0000,埼玉県所沢市3丁目20-16,080-4919-6577,m000741@example.com,4180440366489561
M000742,中村 由美,1974-11-18,女性,251-0000,神奈川県藤沢市3丁目14-9,090-5289-6135,m000742@example.com,4592551675960610
M000743,佐々木 彩,1993-11-24,女性,273-0000,千葉県船橋市5丁目23-15,090-6990-4508,m000743@example.com,4261680846795168
M000744,中村 恵,2006-07-20,女性,192-0000,東京都八王子市4丁目17-10,090-9838-4234,m000744@example.com,4722557466532845
M000745,田中 香織,1980-12-24,女性,216-0000,神奈川県川崎市宮前区3丁目11-3,080-8957-2856,m000745@example.com,4801764447034115
M000746,小林 大輔,1972-09-22,男性,132-0000,東京都江戸川区5丁目26-12,090-4578-8362,m000746@example.com,4249792643034503
M000747,伊藤 直樹,1982-03-30,男性,132-0000,東京都江戸川区1丁目26-1,090-4177-6260,m000747@example.com,4557417249586369
M000748,佐々木 由美,1977-03-12,女性,154-0000,東京都世田谷区2丁目6-17,090-8698-9553,m000748@example.com,4153297137900905
M000749,渡辺 千夏,1968-11-21,女性,225-0000,神奈川県横浜市青葉区2丁目9-11,080-8392-6704,m000749@example.com,4319350337096152
M000750,伊藤 拓也,1949-11-28,男性,166-0000,東京都杉並区1丁目27-7,090-8577-9675,m000750@example.com,4947349133531492
M000751,山田 誠,1975-05-06,男性,192-0000,東京都八王子市5丁目8-17,080-5350-8109,m000751@example.com,4868266314176923
M000752,伊藤 恵,2006-12-29,女性,176-0000,東京都練馬区5丁目6-14,080-7652-3569,m000752@example.com,4716136027335839
M000753,山口 翔太,1967-09-04,男性,216-0000,神奈川県川崎市宮前区4丁目13-12,090-5021-2921,m000753@example.com,4417793132765022
M000754,中村 健一,2004-07-31,男性,216-0000,神奈川県川崎市宮前区2丁目18-3,090-3325-8113,m000754@example.com,4110424230247572
M000755,佐藤 翔太,1972-12-28,男性,359-0000,埼玉県所沢市1丁目12-12,090-2079-5763,m000755@example.com,4704636812358230
M000756,小林 拓也,1970-07-27,男性,216-0000,神奈川県川崎市宮前区2丁目7-18,080-4436-7156,m000756@example.com,4974245383406930
M000757,吉田 翔太,1942-09-12,男性,166-0000,東京都杉並区4丁目26-16,080-7912-4873,m000757@example.com,4774221467570839
M000758,井上 健一,1987-03-11,男性,176-0000,東京都練馬区3丁目27-1,090-3327-3524,m000758@example.com,4460432846020237
M000759,高橋 大輔,1958-07-16,男性,192-0000,東京都八王子市3丁目14-13,090-1824-5065,m000759@example.com,4581643865751185
M000760,高橋 香織,1958-07-18,女性,273-0000,千葉県船橋市4丁目22-9,090-2525-2388,m000760@example.com,4116002839923697
M000761,井上 翔太,1990-07-22,男性,154-0000,東京都世田谷区5丁目25-1,090-7136-4206,m000761@example.com,4615074006675982
M000762,加藤 さくら,1960-10-25,女性,192-0000,東京都八王子市2丁目23-18,080-6803-2082,m000762@example.com,4646262032075380
M000763,吉田 香織,1996-04-26,女性,166-0000,東京都杉並区3丁目19-5,080-1998-4363,m000763@example.com,4018942574389139
M000764,渡辺 恵,1990-10-28,女性,273-0000,千葉県船橋市3丁目20-17,080-3392-5805,m000764@example.com,4067342083526106
M000765,小林 拓也,1957-12-03,男性,132-0000,東京都江戸川区3丁目23-6,080-4768-2842,m000765@example.com,4763121650815795
M000766,田中 美咲,1993-04-05,女性,176-0000,東京都練馬区1丁目23-18,090-7990-9544,m000766@example.com,4098000906889229
M000767,渡辺 亮,1995-08-28,男性,332-0000,埼玉県川口市1丁目8-7,080-6722-3217,m000767@example.com,4679172340010489
M000768,山田 麻衣,2002-12-03,女性,192-0000,東京都八王子市1丁目3-15,090-2137-9846,m000768@example.com,4334757717504452
M000769,井上 麻衣,1947-04-24,女性,144-0000,東京都大田区1丁目11-2,090-4816-5001,m000769@example.com,4904743394601203
M000770,高橋 恵,1986-03-27,女性,132-0000,東京都江戸川区1丁目10-8,090-2236-3409,m000770@example.com,4455619651022693
M000771,加藤 さくら,1978-05-07,女性,273-0000,千葉県船橋市2丁目28-13,080-2679-5247,m000771@example.com,4055330794078237
M000772,松本 健一,1982-08-17,男性,216-0000,神奈川県川崎市宮前区2丁目21-13,080-7893-4755,m000772@example.com,4416022429722200
M000773,田中 誠,2008-08-14,男性,359-0000,埼玉県所沢市1丁目18-13,090-7314-9571,m000773@example.com,4360430826087663
M000774,小林 和也,1979-07-31,男性,359-0000,埼玉県所沢市1丁目27-5,090-2700-8810,m000774@example.com,4776961993977963
M000775,吉田 大輔,1980-10-29,男性,176-0000,東京都練馬区5丁目8-4,080-4766-4009,m000775@example.com,4052978402728993
M000776,加藤 亮,1979-11-12,男性,192-0000,東京都八王子市2丁目29-14,080-7437-9051,m000776@example.com,4261785683610824
M000777,佐々木 香織,1986-12-29,女性,216-0000,神奈川県川崎市宮前区4丁目2-10,090-5403-8187,m000777@example.com,4162645017010515
M000778,田中 恵,1970-01-26,女性,132-0000,東京都江戸川区1丁目18-3,090-5031-5042,m000778@example.com,4652652391371768
M000779,松本 直樹,1990-10-27,男性,216-0000,神奈川県川崎市宮前区3丁目21-2,090-5094-2748,m000779@example.com,4310342803227944
M000780,山本 隆,1997-03-25,男性,251-0000,神奈川県藤沢市5丁目10-10,090-1166-6929,m000780@example.com,4627135913554775
M000781,吉田 和也,1970-12-17,男性,132-0000,東京都江戸川区3丁目17-3,090-7804-2039,m000781@example.com,4849770934896398
M000782,井上 亮,1970-09-04,男性,273-0000,千葉県船橋市2丁目19-19,090-3582-2218,m000782@example.com,4825308313240315
M000783,加藤 千夏,1969-09-24,女性,166-0000,東京都杉並区1丁目29-3,080-8572-9569,m000783@example.com,4120203972890180
M000784,山田 健一,1983-06-05,男性,251-0000,神奈川県藤沢市5丁目16-6,090-9259-1774,m000784@example.com,4702279014254960
M000785,中村 恵,1972-10-28,女性,132-0000,東京都江戸川区5丁目6-18,080-1659-2359,m000785@example.com,4376203548840617
M000786,中村 さくら,1983-03-24,女性,176-0000,東京都練馬区2丁目8-12,080-5109-6492,m000786@example.com,4597687040960180
M000787,高橋 和也,1958-09-20,男性,216-0000,神奈川県川崎市宮前区3丁目21-8,080-5281-7951,m000787@example.com,4975512144778143
M000788,佐々木 誠,1979-08-15,男性,166-0000,東京都杉並区2丁目1-1,080-3871-2518,m000788@example.com,4149462796784153
M000789,佐々木 亮,2003-12-26,男性,176-0000,東京都練馬区3丁目4-9,080-2797-9212,m000789@example.com,4813927207765049
M000790,山口 愛,1958-12-19,女性,166-0000,東京都杉並区5丁目18-7,080-1937-9169,m000790@example.com,4244015689336376
M000791,佐藤 由美,1983-07-07,女性,216-0000,神奈川県川崎市宮前区3丁目19-18,080-9789-3346,m000791@example.com,4799412334619465
M000792,吉田 彩,1978-11-24,女性,330-0000,埼玉県さいたま市浦和区4丁目28-6,090-2357-1781,m000792@example.com,4364699770015018
M000793,田中 隆,1965-01-24,男性,272-0000,千葉県市川市1丁目1-17,080-8838-1735,m000793@example.com,4861956903090506
M000794,小林 彩,1978-12-14,女性,330-0000,埼玉県さいたま市浦和区3丁目27-12,080-7543-3879,m000794@example.com,4321037423001416
M000795,田中 隆,1965-08-05,男性,225-0000,神奈川県横浜市青葉区3丁目19-6,090-5988-2326,m000795@example.com,4245853371359112
M000796,鈴木 和也,1990-02-12,男性,225-0000,神奈川県横浜市青葉区5丁目25-5,090-8483-2804,m000796@example.com,4612444037297640
M000797,渡辺 彩,2008-07-22,女性,273-0000,千葉県船橋市2丁目17-14,080-7480-9041,m000797@example.com,4521608625091276
M000798,山本 隆,1977-08-23,男性,154-0000,東京都世田谷区3丁目11-19,080-4181-1656,m000798@example.com,4971101055368501
M000799,井上 直樹,1993-07-22,男性,144-0000,東京都大田区4丁目7-2,090-1494-8553,m000799@example.com,4966450476504103
M000800,加藤 恵,1983-02-24,女性,225-0000,神奈川県横浜市青葉区1丁目10-11,090-2510-6142,m000800@example.com,4881451846413412
